LOCATION,INDICATOR,SUBJECT,MEASURE,FREQUENCY,TIME,Value,Flag Codes
AUS,TERMTRADE,TOT,RT,A,1970,80.4773129378906,NA
AUS,TERMTRADE,TOT,RT,A,1971,75.4092070336163,NA
AUS,TERMTRADE,TOT,RT,A,1972,89.7544310404888,NA
AUS,TERMTRADE,TOT,RT,A,1973,96.4596661087813,NA
AUS,TERMTRADE,TOT,RT,A,1974,87.7782048384418,NA
AUS,TERMTRADE,TOT,RT,A,1975,83.7533343607024,NA
AUS,TERMTRADE,TOT,RT,A,1976,81.0793370195099,NA
AUS,TERMTRADE,TOT,RT,A,1977,73.7531134869109,NA
AUS,TERMTRADE,TOT,RT,A,1978,74.2572937375055,NA
AUS,TERMTRADE,TOT,RT,A,1979,76.978952007688,NA
AUS,TERMTRADE,TOT,RT,A,1980,76.3395547615042,NA
AUS,TERMTRADE,TOT,RT,A,1981,75.1525916001296,NA
AUS,TERMTRADE,TOT,RT,A,1982,74.0305762433029,NA
AUS,TERMTRADE,TOT,RT,A,1983,75.8236757924369,NA
AUS,TERMTRADE,TOT,RT,A,1984,74.6481610226231,NA
AUS,TERMTRADE,TOT,RT,A,1985,67.5672563974652,NA
AUS,TERMTRADE,TOT,RT,A,1986,63.8856539982697,NA
AUS,TERMTRADE,TOT,RT,A,1987,69.4142317522459,NA
AUS,TERMTRADE,TOT,RT,A,1988,79.6955730588885,NA
AUS,TERMTRADE,TOT,RT,A,1989,79.974904408825,NA
AUS,TERMTRADE,TOT,RT,A,1990,75.7722329843757,NA
AUS,TERMTRADE,TOT,RT,A,1991,73.4394085082386,NA
AUS,TERMTRADE,TOT,RT,A,1992,70.4061515873696,NA
AUS,TERMTRADE,TOT,RT,A,1993,68.4314079249933,NA
AUS,TERMTRADE,TOT,RT,A,1994,70.6717727678076,NA
AUS,TERMTRADE,TOT,RT,A,1995,72.923767037853,NA
AUS,TERMTRADE,TOT,RT,A,1996,75.0819595896807,NA
AUS,TERMTRADE,TOT,RT,A,1997,74.665408945222,NA
AUS,TERMTRADE,TOT,RT,A,1998,70.993735425681,NA
AUS,TERMTRADE,TOT,RT,A,1999,73.8367177051229,NA
AUS,TERMTRADE,TOT,RT,A,2000,75.0712906955649,NA
AUS,TERMTRADE,TOT,RT,A,2001,76.1779574064207,NA
AUS,TERMTRADE,TOT,RT,A,2002,77.314406016926,NA
AUS,TERMTRADE,TOT,RT,A,2003,83.0872008543217,NA
AUS,TERMTRADE,TOT,RT,A,2004,90.9459810354189,NA
AUS,TERMTRADE,TOT,RT,A,2005,100.641927920167,NA
AUS,TERMTRADE,TOT,RT,A,2006,107.822999554865,NA
AUS,TERMTRADE,TOT,RT,A,2007,113.9099851209,NA
AUS,TERMTRADE,TOT,RT,A,2008,122.128998704991,NA
AUS,TERMTRADE,TOT,RT,A,2009,117.738714677714,NA
AUS,TERMTRADE,TOT,RT,A,2010,141.752907859333,NA
AUS,TERMTRADE,TOT,RT,A,2011,142.450766124994,NA
AUS,TERMTRADE,TOT,RT,A,2012,128.870743459454,NA
AUS,TERMTRADE,TOT,RT,A,2013,124.005024478627,NA
AUS,TERMTRADE,TOT,RT,A,2014,111.136534255466,NA
AUS,TERMTRADE,TOT,RT,A,2015,100,NA
AUS,TERMTRADE,TOT,RT,A,2016,114.308546378649,NA
AUS,TERMTRADE,TOT,RT,A,2017,116.505356541541,NA
AUS,TERMTRADE,TOT,RT,A,2018,123.161791510731,NA
AUS,TERMTRADE,TOT,RT,A,2019,124.118775006825,NA
AUS,TERMTRADE,TOT,RT,A,2020,136.853643483045,NA
AUT,TERMTRADE,TOT,RT,A,1970,115.304247988097,E
AUT,TERMTRADE,TOT,RT,A,1971,114.188518061899,E
AUT,TERMTRADE,TOT,RT,A,1972,115.727291555671,E
AUT,TERMTRADE,TOT,RT,A,1973,119.439257097187,E
AUT,TERMTRADE,TOT,RT,A,1974,112.79424476397,E
AUT,TERMTRADE,TOT,RT,A,1975,113.605096701024,E
AUT,TERMTRADE,TOT,RT,A,1976,112.432422482896,E
AUT,TERMTRADE,TOT,RT,A,1977,111.611177528392,E
AUT,TERMTRADE,TOT,RT,A,1978,111.971006258303,E
AUT,TERMTRADE,TOT,RT,A,1979,110.781564836117,E
AUT,TERMTRADE,TOT,RT,A,1980,107.023685527981,E
AUT,TERMTRADE,TOT,RT,A,1981,104.818811397105,E
AUT,TERMTRADE,TOT,RT,A,1982,106.314944547378,E
AUT,TERMTRADE,TOT,RT,A,1983,105.938129129283,E
AUT,TERMTRADE,TOT,RT,A,1984,106.012025966307,E
AUT,TERMTRADE,TOT,RT,A,1985,105.326604330273,E
AUT,TERMTRADE,TOT,RT,A,1986,106.553017099073,E
AUT,TERMTRADE,TOT,RT,A,1987,106.889794715696,E
AUT,TERMTRADE,TOT,RT,A,1988,106.843335912473,E
AUT,TERMTRADE,TOT,RT,A,1989,106.283149027978,E
AUT,TERMTRADE,TOT,RT,A,1990,106.956879194017,E
AUT,TERMTRADE,TOT,RT,A,1991,106.826259672602,E
AUT,TERMTRADE,TOT,RT,A,1992,106.141641959369,E
AUT,TERMTRADE,TOT,RT,A,1993,105.710202822503,E
AUT,TERMTRADE,TOT,RT,A,1994,106.031173312122,E
AUT,TERMTRADE,TOT,RT,A,1995,106.407295421262,NA
AUT,TERMTRADE,TOT,RT,A,1996,104.839846582451,NA
AUT,TERMTRADE,TOT,RT,A,1997,103.706728952739,NA
AUT,TERMTRADE,TOT,RT,A,1998,103.315700174702,NA
AUT,TERMTRADE,TOT,RT,A,1999,102.793507677363,NA
AUT,TERMTRADE,TOT,RT,A,2000,101.74674348398,NA
AUT,TERMTRADE,TOT,RT,A,2001,101.96182040853,NA
AUT,TERMTRADE,TOT,RT,A,2002,102.685021928511,NA
AUT,TERMTRADE,TOT,RT,A,2003,103.509507191074,NA
AUT,TERMTRADE,TOT,RT,A,2004,102.965562715383,NA
AUT,TERMTRADE,TOT,RT,A,2005,102.141765106736,NA
AUT,TERMTRADE,TOT,RT,A,2006,101.023683887506,NA
AUT,TERMTRADE,TOT,RT,A,2007,100.588436226939,NA
AUT,TERMTRADE,TOT,RT,A,2008,99.3463040388505,NA
AUT,TERMTRADE,TOT,RT,A,2009,101.225646556232,NA
AUT,TERMTRADE,TOT,RT,A,2010,99.5630673799262,NA
AUT,TERMTRADE,TOT,RT,A,2011,97.841218015289,NA
AUT,TERMTRADE,TOT,RT,A,2012,97.3440962366754,NA
AUT,TERMTRADE,TOT,RT,A,2013,97.4891848591615,NA
AUT,TERMTRADE,TOT,RT,A,2014,98.4428524550463,NA
AUT,TERMTRADE,TOT,RT,A,2015,100,NA
AUT,TERMTRADE,TOT,RT,A,2016,100.981905612698,NA
AUT,TERMTRADE,TOT,RT,A,2017,99.7900158081453,NA
AUT,TERMTRADE,TOT,RT,A,2018,99.51444647894,NA
AUT,TERMTRADE,TOT,RT,A,2019,98.8971833648977,NA
AUT,TERMTRADE,TOT,RT,A,2020,99.8319358204217,NA
BEL,TERMTRADE,TOT,RT,A,1970,106.202714139121,E
BEL,TERMTRADE,TOT,RT,A,1971,104.883560720676,E
BEL,TERMTRADE,TOT,RT,A,1972,106.231729966389,E
BEL,TERMTRADE,TOT,RT,A,1973,107.01015340466,E
BEL,TERMTRADE,TOT,RT,A,1974,104.455637160611,E
BEL,TERMTRADE,TOT,RT,A,1975,103.231662177539,E
BEL,TERMTRADE,TOT,RT,A,1976,102.720905101789,E
BEL,TERMTRADE,TOT,RT,A,1977,103.289482306164,E
BEL,TERMTRADE,TOT,RT,A,1978,103.340411962139,E
BEL,TERMTRADE,TOT,RT,A,1979,103.466720610863,E
BEL,TERMTRADE,TOT,RT,A,1980,99.5469192370528,E
BEL,TERMTRADE,TOT,RT,A,1981,96.0133347152992,E
BEL,TERMTRADE,TOT,RT,A,1982,95.5251451864756,E
BEL,TERMTRADE,TOT,RT,A,1983,95.276994509716,E
BEL,TERMTRADE,TOT,RT,A,1984,95.4624685288445,E
BEL,TERMTRADE,TOT,RT,A,1985,96.2423610200009,E
BEL,TERMTRADE,TOT,RT,A,1986,100.278038956144,E
BEL,TERMTRADE,TOT,RT,A,1987,101.291927611296,E
BEL,TERMTRADE,TOT,RT,A,1988,102.845504970491,E
BEL,TERMTRADE,TOT,RT,A,1989,103.692631475522,E
BEL,TERMTRADE,TOT,RT,A,1990,103.342949975806,E
BEL,TERMTRADE,TOT,RT,A,1991,103.409871670994,E
BEL,TERMTRADE,TOT,RT,A,1992,105.194594468675,E
BEL,TERMTRADE,TOT,RT,A,1993,106.815425742551,E
BEL,TERMTRADE,TOT,RT,A,1994,106.328274916591,E
BEL,TERMTRADE,TOT,RT,A,1995,106.224722326825,NA
BEL,TERMTRADE,TOT,RT,A,1996,105.435022956766,NA
BEL,TERMTRADE,TOT,RT,A,1997,105.094224719886,NA
BEL,TERMTRADE,TOT,RT,A,1998,105.658833486933,NA
BEL,TERMTRADE,TOT,RT,A,1999,104.677665184804,NA
BEL,TERMTRADE,TOT,RT,A,2000,102.866121789312,NA
BEL,TERMTRADE,TOT,RT,A,2001,102.928433347919,NA
BEL,TERMTRADE,TOT,RT,A,2002,103.583782407718,NA
BEL,TERMTRADE,TOT,RT,A,2003,103.297146693489,NA
BEL,TERMTRADE,TOT,RT,A,2004,102.454267182677,NA
BEL,TERMTRADE,TOT,RT,A,2005,101.738785593825,NA
BEL,TERMTRADE,TOT,RT,A,2006,101.018508230328,NA
BEL,TERMTRADE,TOT,RT,A,2007,101.174744927663,NA
BEL,TERMTRADE,TOT,RT,A,2008,98.5314040130062,NA
BEL,TERMTRADE,TOT,RT,A,2009,101.505977455688,NA
BEL,TERMTRADE,TOT,RT,A,2010,99.7413951988768,NA
BEL,TERMTRADE,TOT,RT,A,2011,98.3081400257264,NA
BEL,TERMTRADE,TOT,RT,A,2012,98.3198135323788,NA
BEL,TERMTRADE,TOT,RT,A,2013,98.6807737263436,NA
BEL,TERMTRADE,TOT,RT,A,2014,99.0119979296725,NA
BEL,TERMTRADE,TOT,RT,A,2015,100,NA
BEL,TERMTRADE,TOT,RT,A,2016,100.849018326818,NA
BEL,TERMTRADE,TOT,RT,A,2017,100.34895434497,NA
BEL,TERMTRADE,TOT,RT,A,2018,99.5713216380055,NA
BEL,TERMTRADE,TOT,RT,A,2019,100.331523753627,NA
BEL,TERMTRADE,TOT,RT,A,2020,100.791925344436,E
CAN,TERMTRADE,TOT,RT,A,1970,87.5956848410613,NA
CAN,TERMTRADE,TOT,RT,A,1971,85.4073051672705,NA
CAN,TERMTRADE,TOT,RT,A,1972,86.6544829884238,NA
CAN,TERMTRADE,TOT,RT,A,1973,92.0217923127061,NA
CAN,TERMTRADE,TOT,RT,A,1974,100.583363430754,NA
CAN,TERMTRADE,TOT,RT,A,1975,98.2597701321507,NA
CAN,TERMTRADE,TOT,RT,A,1976,101.100009550493,NA
CAN,TERMTRADE,TOT,RT,A,1977,97.0720922800154,NA
CAN,TERMTRADE,TOT,RT,A,1978,93.2963765391888,NA
CAN,TERMTRADE,TOT,RT,A,1979,97.0386598721302,NA
CAN,TERMTRADE,TOT,RT,A,1980,97.6023269416322,NA
CAN,TERMTRADE,TOT,RT,A,1981,94.2419756038831,NA
CAN,TERMTRADE,TOT,RT,A,1982,92.1438816296963,NA
CAN,TERMTRADE,TOT,RT,A,1983,93.3185210905531,NA
CAN,TERMTRADE,TOT,RT,A,1984,91.8768630947874,NA
CAN,TERMTRADE,TOT,RT,A,1985,91.0691108204893,NA
CAN,TERMTRADE,TOT,RT,A,1986,88.2590926356226,NA
CAN,TERMTRADE,TOT,RT,A,1987,91.1026512628123,NA
CAN,TERMTRADE,TOT,RT,A,1988,93.2847183416972,NA
CAN,TERMTRADE,TOT,RT,A,1989,95.183477723779,NA
CAN,TERMTRADE,TOT,RT,A,1990,93.2877714404011,NA
CAN,TERMTRADE,TOT,RT,A,1991,91.5824780602434,NA
CAN,TERMTRADE,TOT,RT,A,1992,90.3467928402824,NA
CAN,TERMTRADE,TOT,RT,A,1993,88.8873964116896,NA
CAN,TERMTRADE,TOT,RT,A,1994,88.3851788063686,NA
CAN,TERMTRADE,TOT,RT,A,1995,90.6869711175762,NA
CAN,TERMTRADE,TOT,RT,A,1996,92.3271388508137,NA
CAN,TERMTRADE,TOT,RT,A,1997,91.5410157993591,NA
CAN,TERMTRADE,TOT,RT,A,1998,87.9030740738503,NA
CAN,TERMTRADE,TOT,RT,A,1999,89.1529574411596,NA
CAN,TERMTRADE,TOT,RT,A,2000,92.9540384226596,NA
CAN,TERMTRADE,TOT,RT,A,2001,91.936193582332,NA
CAN,TERMTRADE,TOT,RT,A,2002,89.7728014731771,NA
CAN,TERMTRADE,TOT,RT,A,2003,94.7183190724432,NA
CAN,TERMTRADE,TOT,RT,A,2004,98.93715483602,NA
CAN,TERMTRADE,TOT,RT,A,2005,102.420713191381,NA
CAN,TERMTRADE,TOT,RT,A,2006,103.503710809865,NA
CAN,TERMTRADE,TOT,RT,A,2007,106.608627090456,NA
CAN,TERMTRADE,TOT,RT,A,2008,111.233370174029,NA
CAN,TERMTRADE,TOT,RT,A,2009,101.097686353168,NA
CAN,TERMTRADE,TOT,RT,A,2010,106.454976133902,NA
CAN,TERMTRADE,TOT,RT,A,2011,110.025088283903,NA
CAN,TERMTRADE,TOT,RT,A,2012,108.366856396758,NA
CAN,TERMTRADE,TOT,RT,A,2013,109.047712732335,NA
CAN,TERMTRADE,TOT,RT,A,2014,107.524146562995,NA
CAN,TERMTRADE,TOT,RT,A,2015,100,NA
CAN,TERMTRADE,TOT,RT,A,2016,98.8946935446785,NA
CAN,TERMTRADE,TOT,RT,A,2017,102.490197809774,NA
CAN,TERMTRADE,TOT,RT,A,2018,103.247583266801,NA
CAN,TERMTRADE,TOT,RT,A,2019,103.129382056119,NA
CAN,TERMTRADE,TOT,RT,A,2020,98.8005249891934,NA
CZE,TERMTRADE,TOT,RT,A,1990,103.828674557239,E
CZE,TERMTRADE,TOT,RT,A,1991,80.6417262421006,E
CZE,TERMTRADE,TOT,RT,A,1992,84.1349439542341,E
CZE,TERMTRADE,TOT,RT,A,1993,89.7033124811713,E
CZE,TERMTRADE,TOT,RT,A,1994,93.6818074858067,E
CZE,TERMTRADE,TOT,RT,A,1995,89.748092423466,NA
CZE,TERMTRADE,TOT,RT,A,1996,93.4864511766969,NA
CZE,TERMTRADE,TOT,RT,A,1997,93.9611784619933,NA
CZE,TERMTRADE,TOT,RT,A,1998,99.0344635793611,NA
CZE,TERMTRADE,TOT,RT,A,1999,98.6587846471699,NA
CZE,TERMTRADE,TOT,RT,A,2000,95.6859770611661,NA
CZE,TERMTRADE,TOT,RT,A,2001,98.5180844310225,NA
CZE,TERMTRADE,TOT,RT,A,2002,102.196311294006,NA
CZE,TERMTRADE,TOT,RT,A,2003,102.502467236112,NA
CZE,TERMTRADE,TOT,RT,A,2004,103.628383703759,NA
CZE,TERMTRADE,TOT,RT,A,2005,101.383359881321,NA
CZE,TERMTRADE,TOT,RT,A,2006,99.3361541884619,NA
CZE,TERMTRADE,TOT,RT,A,2007,100.431621342725,NA
CZE,TERMTRADE,TOT,RT,A,2008,99.1938209134068,NA
CZE,TERMTRADE,TOT,RT,A,2009,101.216789434343,NA
CZE,TERMTRADE,TOT,RT,A,2010,99.2140372040017,NA
CZE,TERMTRADE,TOT,RT,A,2011,97.6816109665636,NA
CZE,TERMTRADE,TOT,RT,A,2012,97.1244225758952,NA
CZE,TERMTRADE,TOT,RT,A,2013,98.1791090684066,NA
CZE,TERMTRADE,TOT,RT,A,2014,99.6156602292241,NA
CZE,TERMTRADE,TOT,RT,A,2015,100,NA
CZE,TERMTRADE,TOT,RT,A,2016,101.022403283027,NA
CZE,TERMTRADE,TOT,RT,A,2017,99.9913524027174,NA
CZE,TERMTRADE,TOT,RT,A,2018,100.004571856439,NA
CZE,TERMTRADE,TOT,RT,A,2019,100.491819429557,NA
CZE,TERMTRADE,TOT,RT,A,2020,102.248229030323,NA
DNK,TERMTRADE,TOT,RT,A,1970,90.4417266349526,NA
DNK,TERMTRADE,TOT,RT,A,1971,88.6070265285022,NA
DNK,TERMTRADE,TOT,RT,A,1972,90.180652146743,NA
DNK,TERMTRADE,TOT,RT,A,1973,93.2436836213171,NA
DNK,TERMTRADE,TOT,RT,A,1974,85.0370516746324,NA
DNK,TERMTRADE,TOT,RT,A,1975,87.4400890338952,NA
DNK,TERMTRADE,TOT,RT,A,1976,87.8535133088888,NA
DNK,TERMTRADE,TOT,RT,A,1977,88.176396745612,NA
DNK,TERMTRADE,TOT,RT,A,1978,91.458083789679307,NA
DNK,TERMTRADE,TOT,RT,A,1979,87.9220242087991,NA
DNK,TERMTRADE,TOT,RT,A,1980,83.8866159606713,NA
DNK,TERMTRADE,TOT,RT,A,1981,81.8973842823837,NA
DNK,TERMTRADE,TOT,RT,A,1982,80.7271467024744,NA
DNK,TERMTRADE,TOT,RT,A,1983,81.7351285414564,NA
DNK,TERMTRADE,TOT,RT,A,1984,82.0299520773695,NA
DNK,TERMTRADE,TOT,RT,A,1985,82.8757243969379,NA
DNK,TERMTRADE,TOT,RT,A,1986,86.2955973747717,NA
DNK,TERMTRADE,TOT,RT,A,1987,87.5004489942987,NA
DNK,TERMTRADE,TOT,RT,A,1988,87.1549815402052,NA
DNK,TERMTRADE,TOT,RT,A,1989,88.1383460517668,NA
DNK,TERMTRADE,TOT,RT,A,1990,89.2415627641219,NA
DNK,TERMTRADE,TOT,RT,A,1991,88.7519987055106,NA
DNK,TERMTRADE,TOT,RT,A,1992,90.7750248496666,NA
DNK,TERMTRADE,TOT,RT,A,1993,90.5142337126489,NA
DNK,TERMTRADE,TOT,RT,A,1994,89.6461766939816,NA
DNK,TERMTRADE,TOT,RT,A,1995,89.7798192425737,NA
DNK,TERMTRADE,TOT,RT,A,1996,90.9903871349645,NA
DNK,TERMTRADE,TOT,RT,A,1997,91.0886796897596,NA
DNK,TERMTRADE,TOT,RT,A,1998,90.7750214016435,NA
DNK,TERMTRADE,TOT,RT,A,1999,90.5456127771902,NA
DNK,TERMTRADE,TOT,RT,A,2000,91.1218981232566,NA
DNK,TERMTRADE,TOT,RT,A,2001,91.0390115815104,NA
DNK,TERMTRADE,TOT,RT,A,2002,92.0558794928487,NA
DNK,TERMTRADE,TOT,RT,A,2003,92.7752012413854,NA
DNK,TERMTRADE,TOT,RT,A,2004,93.5684564063523,NA
DNK,TERMTRADE,TOT,RT,A,2005,95.2986721017242,NA
DNK,TERMTRADE,TOT,RT,A,2006,94.650842102343,NA
DNK,TERMTRADE,TOT,RT,A,2007,94.1453976263138,NA
DNK,TERMTRADE,TOT,RT,A,2008,95.849209253102,NA
DNK,TERMTRADE,TOT,RT,A,2009,96.1018704392009,NA
DNK,TERMTRADE,TOT,RT,A,2010,98.4380702425101,NA
DNK,TERMTRADE,TOT,RT,A,2011,96.5763125787484,NA
DNK,TERMTRADE,TOT,RT,A,2012,97.1033711480347,NA
DNK,TERMTRADE,TOT,RT,A,2013,98.1062916456581,NA
DNK,TERMTRADE,TOT,RT,A,2014,99.6267186955178,NA
DNK,TERMTRADE,TOT,RT,A,2015,100,NA
DNK,TERMTRADE,TOT,RT,A,2016,99.864649505968,NA
DNK,TERMTRADE,TOT,RT,A,2017,99.8558963701858,NA
DNK,TERMTRADE,TOT,RT,A,2018,99.0721303906284,NA
DNK,TERMTRADE,TOT,RT,A,2019,98.9656079805527,NA
DNK,TERMTRADE,TOT,RT,A,2020,101.184506742979,NA
FIN,TERMTRADE,TOT,RT,A,1970,122.747351292112,E
FIN,TERMTRADE,TOT,RT,A,1971,120.394698167251,E
FIN,TERMTRADE,TOT,RT,A,1972,119.284795620825,E
FIN,TERMTRADE,TOT,RT,A,1973,121.340247484518,E
FIN,TERMTRADE,TOT,RT,A,1974,118.41626639871,E
FIN,TERMTRADE,TOT,RT,A,1975,126.134816630911,E
FIN,TERMTRADE,TOT,RT,A,1976,126.751496137364,E
FIN,TERMTRADE,TOT,RT,A,1977,123.274828745552,E
FIN,TERMTRADE,TOT,RT,A,1978,117.55208211202,E
FIN,TERMTRADE,TOT,RT,A,1979,117.004905712791,E
FIN,TERMTRADE,TOT,RT,A,1980,108.756269558445,NA
FIN,TERMTRADE,TOT,RT,A,1981,105.515603667171,NA
FIN,TERMTRADE,TOT,RT,A,1982,107.114642428787,NA
FIN,TERMTRADE,TOT,RT,A,1983,106.214274624287,NA
FIN,TERMTRADE,TOT,RT,A,1984,109.46563355235,NA
FIN,TERMTRADE,TOT,RT,A,1985,108.99618897276,NA
FIN,TERMTRADE,TOT,RT,A,1986,113.171512049295,NA
FIN,TERMTRADE,TOT,RT,A,1987,115.461592685034,NA
FIN,TERMTRADE,TOT,RT,A,1988,119.361400669485,NA
FIN,TERMTRADE,TOT,RT,A,1989,120.243048473949,NA
FIN,TERMTRADE,TOT,RT,A,1990,119.177671805214,NA
FIN,TERMTRADE,TOT,RT,A,1991,114.875351440049,NA
FIN,TERMTRADE,TOT,RT,A,1992,113.235223445379,NA
FIN,TERMTRADE,TOT,RT,A,1993,111.440843619061,NA
FIN,TERMTRADE,TOT,RT,A,1994,113.54212789314,NA
FIN,TERMTRADE,TOT,RT,A,1995,119.045981409553,NA
FIN,TERMTRADE,TOT,RT,A,1996,118.013999891603,NA
FIN,TERMTRADE,TOT,RT,A,1997,116.319879298838,NA
FIN,TERMTRADE,TOT,RT,A,1998,118.416354534953,NA
FIN,TERMTRADE,TOT,RT,A,1999,114.883111504816,NA
FIN,TERMTRADE,TOT,RT,A,2000,110.687836501483,NA
FIN,TERMTRADE,TOT,RT,A,2001,112.300778269117,NA
FIN,TERMTRADE,TOT,RT,A,2002,112.133295961229,NA
FIN,TERMTRADE,TOT,RT,A,2003,110.374394832132,NA
FIN,TERMTRADE,TOT,RT,A,2004,107.902844204079,NA
FIN,TERMTRADE,TOT,RT,A,2005,104.226459808376,NA
FIN,TERMTRADE,TOT,RT,A,2006,100.962783066236,NA
FIN,TERMTRADE,TOT,RT,A,2007,100.894138573564,NA
FIN,TERMTRADE,TOT,RT,A,2008,98.9772007566518,NA
FIN,TERMTRADE,TOT,RT,A,2009,100.218850787213,NA
FIN,TERMTRADE,TOT,RT,A,2010,98.1525775192459,NA
FIN,TERMTRADE,TOT,RT,A,2011,96.6088477207072,NA
FIN,TERMTRADE,TOT,RT,A,2012,95.5904331711735,NA
FIN,TERMTRADE,TOT,RT,A,2013,96.294119480995,NA
FIN,TERMTRADE,TOT,RT,A,2014,96.9834475851166,NA
FIN,TERMTRADE,TOT,RT,A,2015,100,NA
FIN,TERMTRADE,TOT,RT,A,2016,99.7334531898326,NA
FIN,TERMTRADE,TOT,RT,A,2017,99.2315774045243,NA
FIN,TERMTRADE,TOT,RT,A,2018,99.9772375693035,NA
FIN,TERMTRADE,TOT,RT,A,2019,99.4534991113647,NA
FIN,TERMTRADE,TOT,RT,A,2020,100.276095145641,NA
FRA,TERMTRADE,TOT,RT,A,1970,108.792789419235,NA
FRA,TERMTRADE,TOT,RT,A,1971,109.104249955953,NA
FRA,TERMTRADE,TOT,RT,A,1972,111.481460486092,NA
FRA,TERMTRADE,TOT,RT,A,1973,112.79285092988,NA
FRA,TERMTRADE,TOT,RT,A,1974,97.6166130237403,NA
FRA,TERMTRADE,TOT,RT,A,1975,102.041811865274,NA
FRA,TERMTRADE,TOT,RT,A,1976,100.901682709531,NA
FRA,TERMTRADE,TOT,RT,A,1977,98.941045731688,NA
FRA,TERMTRADE,TOT,RT,A,1978,103.110894892086,NA
FRA,TERMTRADE,TOT,RT,A,1979,101.637398451185,NA
FRA,TERMTRADE,TOT,RT,A,1980,95.0153230475912,NA
FRA,TERMTRADE,TOT,RT,A,1981,89.880328257016,NA
FRA,TERMTRADE,TOT,RT,A,1982,90.108509186241,NA
FRA,TERMTRADE,TOT,RT,A,1983,92.2123840081158,NA
FRA,TERMTRADE,TOT,RT,A,1984,90.8581615540643,NA
FRA,TERMTRADE,TOT,RT,A,1985,91.2537881022083,NA
FRA,TERMTRADE,TOT,RT,A,1986,99.2473082541436,NA
FRA,TERMTRADE,TOT,RT,A,1987,99.024668190033,NA
FRA,TERMTRADE,TOT,RT,A,1988,101.279537882857,NA
FRA,TERMTRADE,TOT,RT,A,1989,99.769940425724,NA
FRA,TERMTRADE,TOT,RT,A,1990,100.070420710092,NA
FRA,TERMTRADE,TOT,RT,A,1991,99.1107937919527,NA
FRA,TERMTRADE,TOT,RT,A,1992,99.7286899911935,NA
FRA,TERMTRADE,TOT,RT,A,1993,101.20219069829,NA
FRA,TERMTRADE,TOT,RT,A,1994,100.568825057364,NA
FRA,TERMTRADE,TOT,RT,A,1995,99.5224225971576,NA
FRA,TERMTRADE,TOT,RT,A,1996,98.4797996746028,NA
FRA,TERMTRADE,TOT,RT,A,1997,98.4156159364405,NA
FRA,TERMTRADE,TOT,RT,A,1998,99.745770239509,NA
FRA,TERMTRADE,TOT,RT,A,1999,99.9958606682382,NA
FRA,TERMTRADE,TOT,RT,A,2000,97.3308704512207,NA
FRA,TERMTRADE,TOT,RT,A,2001,97.6170065967417,NA
FRA,TERMTRADE,TOT,RT,A,2002,99.3189590241325,NA
FRA,TERMTRADE,TOT,RT,A,2003,99.2856135252745,NA
FRA,TERMTRADE,TOT,RT,A,2004,98.3805429345558,NA
FRA,TERMTRADE,TOT,RT,A,2005,97.0568382955383,NA
FRA,TERMTRADE,TOT,RT,A,2006,95.589377134575,NA
FRA,TERMTRADE,TOT,RT,A,2007,96.6882004269756,NA
FRA,TERMTRADE,TOT,RT,A,2008,96.0543283895821,NA
FRA,TERMTRADE,TOT,RT,A,2009,98.6016884055517,NA
FRA,TERMTRADE,TOT,RT,A,2010,97.2412358434773,NA
FRA,TERMTRADE,TOT,RT,A,2011,94.9183057327216,NA
FRA,TERMTRADE,TOT,RT,A,2012,94.6190964890351,NA
FRA,TERMTRADE,TOT,RT,A,2013,95.7147191779168,NA
FRA,TERMTRADE,TOT,RT,A,2014,96.9057765591016,NA
FRA,TERMTRADE,TOT,RT,A,2015,100,NA
FRA,TERMTRADE,TOT,RT,A,2016,100.98525154301,NA
FRA,TERMTRADE,TOT,RT,A,2017,99.6762666214779,NA
FRA,TERMTRADE,TOT,RT,A,2018,98.5367631286311,NA
FRA,TERMTRADE,TOT,RT,A,2019,99.3909007826015,E
FRA,TERMTRADE,TOT,RT,A,2020,99.9645298144305,E
DEU,TERMTRADE,TOT,RT,A,1970,96.2402205934793,E
DEU,TERMTRADE,TOT,RT,A,1971,98.9455289976666,E
DEU,TERMTRADE,TOT,RT,A,1972,99.8094580974107,E
DEU,TERMTRADE,TOT,RT,A,1973,97.5696669024523,E
DEU,TERMTRADE,TOT,RT,A,1974,90.945778617384,E
DEU,TERMTRADE,TOT,RT,A,1975,93.1640348926888,E
DEU,TERMTRADE,TOT,RT,A,1976,91.6044641877953,E
DEU,TERMTRADE,TOT,RT,A,1977,91.6307228491382,E
DEU,TERMTRADE,TOT,RT,A,1978,94.9673227194607,E
DEU,TERMTRADE,TOT,RT,A,1979,91.5446032330068,E
DEU,TERMTRADE,TOT,RT,A,1980,86.1082337278242,E
DEU,TERMTRADE,TOT,RT,A,1981,81.4103674467535,E
DEU,TERMTRADE,TOT,RT,A,1982,82.5556004709864,E
DEU,TERMTRADE,TOT,RT,A,1983,83.6798929420363,E
DEU,TERMTRADE,TOT,RT,A,1984,82.2884655338243,E
DEU,TERMTRADE,TOT,RT,A,1985,82.5662330461114,E
DEU,TERMTRADE,TOT,RT,A,1986,92.3198745826196,E
DEU,TERMTRADE,TOT,RT,A,1987,96.0015929896745,E
DEU,TERMTRADE,TOT,RT,A,1988,95.7569290827467,E
DEU,TERMTRADE,TOT,RT,A,1989,93.2604454363239,E
DEU,TERMTRADE,TOT,RT,A,1990,94.5501500962874,E
DEU,TERMTRADE,TOT,RT,A,1991,93.3163856697256,NA
DEU,TERMTRADE,TOT,RT,A,1992,96.2977555946494,NA
DEU,TERMTRADE,TOT,RT,A,1993,97.9280092965844,NA
DEU,TERMTRADE,TOT,RT,A,1994,98.7410526518623,NA
DEU,TERMTRADE,TOT,RT,A,1995,100.151593458974,NA
DEU,TERMTRADE,TOT,RT,A,1996,99.7483789193696,NA
DEU,TERMTRADE,TOT,RT,A,1997,98.199372269912,NA
DEU,TERMTRADE,TOT,RT,A,1998,100.204022328703,NA
DEU,TERMTRADE,TOT,RT,A,1999,100.875958583792,NA
DEU,TERMTRADE,TOT,RT,A,2000,96.7009257464892,NA
DEU,TERMTRADE,TOT,RT,A,2001,96.726958793395,NA
DEU,TERMTRADE,TOT,RT,A,2002,98.638838149323007,NA
DEU,TERMTRADE,TOT,RT,A,2003,100.482602602271,NA
DEU,TERMTRADE,TOT,RT,A,2004,100.628628924381,NA
DEU,TERMTRADE,TOT,RT,A,2005,98.9082263007306,NA
DEU,TERMTRADE,TOT,RT,A,2006,97.2388824550762,NA
DEU,TERMTRADE,TOT,RT,A,2007,97.7196722116934,NA
DEU,TERMTRADE,TOT,RT,A,2008,96.0589633644615,NA
DEU,TERMTRADE,TOT,RT,A,2009,100.358300017631,NA
DEU,TERMTRADE,TOT,RT,A,2010,98.1232553018328,NA
DEU,TERMTRADE,TOT,RT,A,2011,95.5925241551214,NA
DEU,TERMTRADE,TOT,RT,A,2012,95.4297392900941,NA
DEU,TERMTRADE,TOT,RT,A,2013,96.4590517844153,NA
DEU,TERMTRADE,TOT,RT,A,2014,97.7047882726217,NA
DEU,TERMTRADE,TOT,RT,A,2015,100,NA
DEU,TERMTRADE,TOT,RT,A,2016,101.757364468466,NA
DEU,TERMTRADE,TOT,RT,A,2017,100.895960480879,NA
DEU,TERMTRADE,TOT,RT,A,2018,100.105210275265,E
DEU,TERMTRADE,TOT,RT,A,2019,100.797042515794,E
DEU,TERMTRADE,TOT,RT,A,2020,102.864129899368,E
DEU,TERMTRADE,TOT,RT,A,2021,100.800553918466,E
GRC,TERMTRADE,TOT,RT,A,1970,92.5453267518187,E
GRC,TERMTRADE,TOT,RT,A,1971,87.6160595018463,E
GRC,TERMTRADE,TOT,RT,A,1972,85.0987130679031,E
GRC,TERMTRADE,TOT,RT,A,1973,90.2476081177064,E
GRC,TERMTRADE,TOT,RT,A,1974,88.5355557847175,E
GRC,TERMTRADE,TOT,RT,A,1975,81.3194757761233,E
GRC,TERMTRADE,TOT,RT,A,1976,78.7477487809309,E
GRC,TERMTRADE,TOT,RT,A,1977,81.7489872371348,E
GRC,TERMTRADE,TOT,RT,A,1978,79.0574741208982,E
GRC,TERMTRADE,TOT,RT,A,1979,77.6625593690626,E
GRC,TERMTRADE,TOT,RT,A,1980,78.4620424423255,E
GRC,TERMTRADE,TOT,RT,A,1981,83.6682932361758,E
GRC,TERMTRADE,TOT,RT,A,1982,82.0137734642432,E
GRC,TERMTRADE,TOT,RT,A,1983,85.3463729966938,E
GRC,TERMTRADE,TOT,RT,A,1984,78.6963422458744,E
GRC,TERMTRADE,TOT,RT,A,1985,76.9998082948578,E
GRC,TERMTRADE,TOT,RT,A,1986,79.9814482575749,E
GRC,TERMTRADE,TOT,RT,A,1987,81.4784353058516,E
GRC,TERMTRADE,TOT,RT,A,1988,83.5232006116339,E
GRC,TERMTRADE,TOT,RT,A,1989,82.9820047972223,E
GRC,TERMTRADE,TOT,RT,A,1990,84.5946178171252,E
GRC,TERMTRADE,TOT,RT,A,1991,85.8580980016092,E
GRC,TERMTRADE,TOT,RT,A,1992,84.2022258331043,E
GRC,TERMTRADE,TOT,RT,A,1993,85.5826299400832,E
GRC,TERMTRADE,TOT,RT,A,1994,88.0129008054998,E
GRC,TERMTRADE,TOT,RT,A,1995,89.0074367983106,NA
GRC,TERMTRADE,TOT,RT,A,1996,90.9971871204581,NA
GRC,TERMTRADE,TOT,RT,A,1997,91.6359354294981,NA
GRC,TERMTRADE,TOT,RT,A,1998,92.3760920507319,NA
GRC,TERMTRADE,TOT,RT,A,1999,92.740368106892,NA
GRC,TERMTRADE,TOT,RT,A,2000,91.064772904005,NA
GRC,TERMTRADE,TOT,RT,A,2001,91.8189829864023,NA
GRC,TERMTRADE,TOT,RT,A,2002,93.1406258731408,NA
GRC,TERMTRADE,TOT,RT,A,2003,94.7607594060962,NA
GRC,TERMTRADE,TOT,RT,A,2004,94.65451264698,NA
GRC,TERMTRADE,TOT,RT,A,2005,93.793133509619,NA
GRC,TERMTRADE,TOT,RT,A,2006,93.7423245209392,NA
GRC,TERMTRADE,TOT,RT,A,2007,94.204867256328,NA
GRC,TERMTRADE,TOT,RT,A,2008,93.1268039969557,NA
GRC,TERMTRADE,TOT,RT,A,2009,92.4981232200378,NA
GRC,TERMTRADE,TOT,RT,A,2010,95.6992930065455,B
GRC,TERMTRADE,TOT,RT,A,2011,94.2890193957172,NA
GRC,TERMTRADE,TOT,RT,A,2012,92.6889405123261,NA
GRC,TERMTRADE,TOT,RT,A,2013,94.2096052003522,NA
GRC,TERMTRADE,TOT,RT,A,2014,95.8850388820341,NA
GRC,TERMTRADE,TOT,RT,A,2015,100,NA
GRC,TERMTRADE,TOT,RT,A,2016,101.178156965628,NA
GRC,TERMTRADE,TOT,RT,A,2017,100.409368445086,NA
GRC,TERMTRADE,TOT,RT,A,2018,98.3057097495509,NA
GRC,TERMTRADE,TOT,RT,A,2019,97.7431009950689,E
GRC,TERMTRADE,TOT,RT,A,2020,96.9478354277229,E
HUN,TERMTRADE,TOT,RT,A,1991,93.8988233398523,E
HUN,TERMTRADE,TOT,RT,A,1992,94.115360044369,E
HUN,TERMTRADE,TOT,RT,A,1993,96.9117567439192,E
HUN,TERMTRADE,TOT,RT,A,1994,99.3341461884705,E
HUN,TERMTRADE,TOT,RT,A,1995,102.424204046481,NA
HUN,TERMTRADE,TOT,RT,A,1996,101.602897353245,NA
HUN,TERMTRADE,TOT,RT,A,1997,103.580524513282,NA
HUN,TERMTRADE,TOT,RT,A,1998,104.63385565649,NA
HUN,TERMTRADE,TOT,RT,A,1999,104.024903311619,NA
HUN,TERMTRADE,TOT,RT,A,2000,101.925357458276,NA
HUN,TERMTRADE,TOT,RT,A,2001,102.56420598117,NA
HUN,TERMTRADE,TOT,RT,A,2002,103.835607069729,NA
HUN,TERMTRADE,TOT,RT,A,2003,103.476299001783,NA
HUN,TERMTRADE,TOT,RT,A,2004,103.319149911851,NA
HUN,TERMTRADE,TOT,RT,A,2005,101.548415597968,NA
HUN,TERMTRADE,TOT,RT,A,2006,100.19455016452,NA
HUN,TERMTRADE,TOT,RT,A,2007,100.619399352246,NA
HUN,TERMTRADE,TOT,RT,A,2008,99.7312820394036,NA
HUN,TERMTRADE,TOT,RT,A,2009,100.487350735671,NA
HUN,TERMTRADE,TOT,RT,A,2010,100.520557373386,NA
HUN,TERMTRADE,TOT,RT,A,2011,99.1309959473788,NA
HUN,TERMTRADE,TOT,RT,A,2012,98.1730378660181,NA
HUN,TERMTRADE,TOT,RT,A,2013,98.6812222139133,NA
HUN,TERMTRADE,TOT,RT,A,2014,99.2918541591143,NA
HUN,TERMTRADE,TOT,RT,A,2015,100,NA
HUN,TERMTRADE,TOT,RT,A,2016,100.66553921738,NA
HUN,TERMTRADE,TOT,RT,A,2017,100.223412466625,NA
HUN,TERMTRADE,TOT,RT,A,2018,99.2947677220931,NA
HUN,TERMTRADE,TOT,RT,A,2019,99.5651766049695,NA
HUN,TERMTRADE,TOT,RT,A,2020,101.436240398453,E
ISL,TERMTRADE,TOT,RT,A,1970,110.563656496451,E
ISL,TERMTRADE,TOT,RT,A,1971,123.192587864927,E
ISL,TERMTRADE,TOT,RT,A,1972,120.558236581889,E
ISL,TERMTRADE,TOT,RT,A,1973,132.723613961951,E
ISL,TERMTRADE,TOT,RT,A,1974,123.932784290472,E
ISL,TERMTRADE,TOT,RT,A,1975,110.233645646634,E
ISL,TERMTRADE,TOT,RT,A,1976,118.816029308698,E
ISL,TERMTRADE,TOT,RT,A,1977,127.119007200102,E
ISL,TERMTRADE,TOT,RT,A,1978,127.442611984131,E
ISL,TERMTRADE,TOT,RT,A,1979,116.473425356487,E
ISL,TERMTRADE,TOT,RT,A,1980,113.248058623,E
ISL,TERMTRADE,TOT,RT,A,1981,112.772592797354,E
ISL,TERMTRADE,TOT,RT,A,1982,111.960691729152,E
ISL,TERMTRADE,TOT,RT,A,1983,110.452605742386,E
ISL,TERMTRADE,TOT,RT,A,1984,111.184275695726,E
ISL,TERMTRADE,TOT,RT,A,1985,110.141654276475,E
ISL,TERMTRADE,TOT,RT,A,1986,116.089476756054,E
ISL,TERMTRADE,TOT,RT,A,1987,121.059746701826,E
ISL,TERMTRADE,TOT,RT,A,1988,120.080077071866,E
ISL,TERMTRADE,TOT,RT,A,1989,115.377049406125,E
ISL,TERMTRADE,TOT,RT,A,1990,113.106388121263,E
ISL,TERMTRADE,TOT,RT,A,1991,116.998436924543,E
ISL,TERMTRADE,TOT,RT,A,1992,116.354381293439,E
ISL,TERMTRADE,TOT,RT,A,1993,112.126439724284,E
ISL,TERMTRADE,TOT,RT,A,1994,112.442575877608,E
ISL,TERMTRADE,TOT,RT,A,1995,113.612645237611,NA
ISL,TERMTRADE,TOT,RT,A,1996,110.096070556522,NA
ISL,TERMTRADE,TOT,RT,A,1997,112.212386003285,NA
ISL,TERMTRADE,TOT,RT,A,1998,117.974155775728,NA
ISL,TERMTRADE,TOT,RT,A,1999,117.163238165441,NA
ISL,TERMTRADE,TOT,RT,A,2000,114.099642072293,NA
ISL,TERMTRADE,TOT,RT,A,2001,114.191652568303,NA
ISL,TERMTRADE,TOT,RT,A,2002,114.906780552413,NA
ISL,TERMTRADE,TOT,RT,A,2003,110.122557519492,NA
ISL,TERMTRADE,TOT,RT,A,2004,108.483659172011,NA
ISL,TERMTRADE,TOT,RT,A,2005,109.536990251657,NA
ISL,TERMTRADE,TOT,RT,A,2006,112.919089082377,NA
ISL,TERMTRADE,TOT,RT,A,2007,108.861901956327,NA
ISL,TERMTRADE,TOT,RT,A,2008,101.539754088442,NA
ISL,TERMTRADE,TOT,RT,A,2009,93.689338742327,NA
ISL,TERMTRADE,TOT,RT,A,2010,97.9048315073784,NA
ISL,TERMTRADE,TOT,RT,A,2011,95.2860697589877,NA
ISL,TERMTRADE,TOT,RT,A,2012,92.356768592127,NA
ISL,TERMTRADE,TOT,RT,A,2013,90.5851748196319,NA
ISL,TERMTRADE,TOT,RT,A,2014,93.629902885268,NA
ISL,TERMTRADE,TOT,RT,A,2015,100,NA
ISL,TERMTRADE,TOT,RT,A,2016,102.668682292402,NA
ISL,TERMTRADE,TOT,RT,A,2017,104.218940198822,NA
ISL,TERMTRADE,TOT,RT,A,2018,100.401284950082,NA
ISL,TERMTRADE,TOT,RT,A,2019,99.7690379046181,NA
ISL,TERMTRADE,TOT,RT,A,2020,97.3905179093501,NA
IRL,TERMTRADE,TOT,RT,A,1970,119.068022390045,E
IRL,TERMTRADE,TOT,RT,A,1971,121.198148007522,E
IRL,TERMTRADE,TOT,RT,A,1972,127.845524216679,E
IRL,TERMTRADE,TOT,RT,A,1973,134.319786614181,E
IRL,TERMTRADE,TOT,RT,A,1974,114.461658502862,E
IRL,TERMTRADE,TOT,RT,A,1975,112.405732123594,E
IRL,TERMTRADE,TOT,RT,A,1976,116.193903795956,E
IRL,TERMTRADE,TOT,RT,A,1977,114.174743247645,E
IRL,TERMTRADE,TOT,RT,A,1978,116.249950720948,E
IRL,TERMTRADE,TOT,RT,A,1979,112.03042163954,E
IRL,TERMTRADE,TOT,RT,A,1980,105.192425896808,E
IRL,TERMTRADE,TOT,RT,A,1981,103.212744006536,E
IRL,TERMTRADE,TOT,RT,A,1982,106.314865469067,E
IRL,TERMTRADE,TOT,RT,A,1983,110.242168852701,E
IRL,TERMTRADE,TOT,RT,A,1984,108.899113853439,E
IRL,TERMTRADE,TOT,RT,A,1985,109.462650633015,E
IRL,TERMTRADE,TOT,RT,A,1986,114.221755553212,E
IRL,TERMTRADE,TOT,RT,A,1987,113.246852571261,E
IRL,TERMTRADE,TOT,RT,A,1988,112.44129455511,E
IRL,TERMTRADE,TOT,RT,A,1989,113.633432175632,E
IRL,TERMTRADE,TOT,RT,A,1990,108.468013110096,E
IRL,TERMTRADE,TOT,RT,A,1991,105.637634139756,E
IRL,TERMTRADE,TOT,RT,A,1992,104.846703469082,E
IRL,TERMTRADE,TOT,RT,A,1993,107.130269587223,E
IRL,TERMTRADE,TOT,RT,A,1994,104.824306182947,E
IRL,TERMTRADE,TOT,RT,A,1995,102.921502775587,NA
IRL,TERMTRADE,TOT,RT,A,1996,102.989340078107,NA
IRL,TERMTRADE,TOT,RT,A,1997,103.310853786023,NA
IRL,TERMTRADE,TOT,RT,A,1998,104.269112546966,NA
IRL,TERMTRADE,TOT,RT,A,1999,104.049130591226,NA
IRL,TERMTRADE,TOT,RT,A,2000,103.93065301923,NA
IRL,TERMTRADE,TOT,RT,A,2001,105.255479134612,NA
IRL,TERMTRADE,TOT,RT,A,2002,107.476921135171,NA
IRL,TERMTRADE,TOT,RT,A,2003,106.357396103096,NA
IRL,TERMTRADE,TOT,RT,A,2004,100.643568702997,NA
IRL,TERMTRADE,TOT,RT,A,2005,102.361473100327,NA
IRL,TERMTRADE,TOT,RT,A,2006,101.389939644984,NA
IRL,TERMTRADE,TOT,RT,A,2007,101.872822439414,NA
IRL,TERMTRADE,TOT,RT,A,2008,102.93997772545,NA
IRL,TERMTRADE,TOT,RT,A,2009,101.464891269118,NA
IRL,TERMTRADE,TOT,RT,A,2010,98.0976532680969,NA
IRL,TERMTRADE,TOT,RT,A,2011,100.089805578356,NA
IRL,TERMTRADE,TOT,RT,A,2012,98.2138318631527,NA
IRL,TERMTRADE,TOT,RT,A,2013,98.042115712251,NA
IRL,TERMTRADE,TOT,RT,A,2014,96.0878215928862,NA
IRL,TERMTRADE,TOT,RT,A,2015,100,NA
IRL,TERMTRADE,TOT,RT,A,2016,99.807763306052,NA
IRL,TERMTRADE,TOT,RT,A,2017,98.1121313405734,NA
IRL,TERMTRADE,TOT,RT,A,2018,96.7556466100891,NA
IRL,TERMTRADE,TOT,RT,A,2019,98.001657590211,NA
IRL,TERMTRADE,TOT,RT,A,2020,97.046280284789,NA
ITA,TERMTRADE,TOT,RT,A,1970,114.072256821622,E
ITA,TERMTRADE,TOT,RT,A,1971,113.244226275175,E
ITA,TERMTRADE,TOT,RT,A,1972,114.81890156209,E
ITA,TERMTRADE,TOT,RT,A,1973,101.269136997737,E
ITA,TERMTRADE,TOT,RT,A,1974,90.3228484854289,E
ITA,TERMTRADE,TOT,RT,A,1975,92.0312758542118,E
ITA,TERMTRADE,TOT,RT,A,1976,88.1833394482314,E
ITA,TERMTRADE,TOT,RT,A,1977,89.362071271806,E
ITA,TERMTRADE,TOT,RT,A,1978,90.3257723311624,E
ITA,TERMTRADE,TOT,RT,A,1979,89.012700205516,E
ITA,TERMTRADE,TOT,RT,A,1980,86.5394640853958,E
ITA,TERMTRADE,TOT,RT,A,1981,83.202130112363,E
ITA,TERMTRADE,TOT,RT,A,1982,86.6433068270528,E
ITA,TERMTRADE,TOT,RT,A,1983,87.8290311415711,E
ITA,TERMTRADE,TOT,RT,A,1984,88.0619689297436,E
ITA,TERMTRADE,TOT,RT,A,1985,88.7270190562959,E
ITA,TERMTRADE,TOT,RT,A,1986,100.368111860755,E
ITA,TERMTRADE,TOT,RT,A,1987,103.142171232699,E
ITA,TERMTRADE,TOT,RT,A,1988,101.817735865798,E
ITA,TERMTRADE,TOT,RT,A,1989,101.472105228759,E
ITA,TERMTRADE,TOT,RT,A,1990,106.167650052789,E
ITA,TERMTRADE,TOT,RT,A,1991,110.389106689646,E
ITA,TERMTRADE,TOT,RT,A,1992,109.238766880737,E
ITA,TERMTRADE,TOT,RT,A,1993,104.338322237208,E
ITA,TERMTRADE,TOT,RT,A,1994,102.996911177327,E
ITA,TERMTRADE,TOT,RT,A,1995,99.9988801164359,NA
ITA,TERMTRADE,TOT,RT,A,1996,102.54645703099,NA
ITA,TERMTRADE,TOT,RT,A,1997,103.00342163954,NA
ITA,TERMTRADE,TOT,RT,A,1998,105.908131667123,NA
ITA,TERMTRADE,TOT,RT,A,1999,105.793976627397,NA
ITA,TERMTRADE,TOT,RT,A,2000,100.038434601185,NA
ITA,TERMTRADE,TOT,RT,A,2001,101.592184557585,NA
ITA,TERMTRADE,TOT,RT,A,2002,103.133862430042,NA
ITA,TERMTRADE,TOT,RT,A,2003,104.032518957136,NA
ITA,TERMTRADE,TOT,RT,A,2004,103.031787473219,NA
ITA,TERMTRADE,TOT,RT,A,2005,100.317712468137,NA
ITA,TERMTRADE,TOT,RT,A,2006,97.3395081144672,NA
ITA,TERMTRADE,TOT,RT,A,2007,98.4696941237779,NA
ITA,TERMTRADE,TOT,RT,A,2008,96.0664987277428,NA
ITA,TERMTRADE,TOT,RT,A,2009,101.643930039046,NA
ITA,TERMTRADE,TOT,RT,A,2010,97.6052525525421,NA
ITA,TERMTRADE,TOT,RT,A,2011,95.0541234829037,NA
ITA,TERMTRADE,TOT,RT,A,2012,93.7023279233795,NA
ITA,TERMTRADE,TOT,RT,A,2013,95.2804267999739,NA
ITA,TERMTRADE,TOT,RT,A,2014,97.7315481195045,NA
ITA,TERMTRADE,TOT,RT,A,2015,100,NA
ITA,TERMTRADE,TOT,RT,A,2016,103.253093559401,NA
ITA,TERMTRADE,TOT,RT,A,2017,101.72300885760001,NA
ITA,TERMTRADE,TOT,RT,A,2018,101.172500712039,NA
ITA,TERMTRADE,TOT,RT,A,2019,102.044785519172,NA
ITA,TERMTRADE,TOT,RT,A,2020,105.858363076049,NA
JPN,TERMTRADE,TOT,RT,A,1970,210.586503495151,E
JPN,TERMTRADE,TOT,RT,A,1971,223.163382716461,E
JPN,TERMTRADE,TOT,RT,A,1972,232.511778681414,E
JPN,TERMTRADE,TOT,RT,A,1973,215.322417577654,E
JPN,TERMTRADE,TOT,RT,A,1974,172.254413141645,E
JPN,TERMTRADE,TOT,RT,A,1975,165.098192628193,E
JPN,TERMTRADE,TOT,RT,A,1976,160.007148099957,E
JPN,TERMTRADE,TOT,RT,A,1977,160.300302604706,E
JPN,TERMTRADE,TOT,RT,A,1978,178.191750468611,E
JPN,TERMTRADE,TOT,RT,A,1979,150.941807051002,E
JPN,TERMTRADE,TOT,RT,A,1980,120.436826527802,E
JPN,TERMTRADE,TOT,RT,A,1981,121.894770051203,E
JPN,TERMTRADE,TOT,RT,A,1982,118.861293331099,E
JPN,TERMTRADE,TOT,RT,A,1983,118.728239979274,E
JPN,TERMTRADE,TOT,RT,A,1984,121.280083287748,E
JPN,TERMTRADE,TOT,RT,A,1985,120.815158860498,E
JPN,TERMTRADE,TOT,RT,A,1986,153.431039333521,E
JPN,TERMTRADE,TOT,RT,A,1987,153.965217126923,E
JPN,TERMTRADE,TOT,RT,A,1988,155.399389591075,E
JPN,TERMTRADE,TOT,RT,A,1989,153.680450058328,E
JPN,TERMTRADE,TOT,RT,A,1990,145.335330136027,E
JPN,TERMTRADE,TOT,RT,A,1991,148.997293620058,E
JPN,TERMTRADE,TOT,RT,A,1992,151.740590296721,E
JPN,TERMTRADE,TOT,RT,A,1993,153.93284863327,E
JPN,TERMTRADE,TOT,RT,A,1994,155.349256970429,NA
JPN,TERMTRADE,TOT,RT,A,1995,154.6548902602,NA
JPN,TERMTRADE,TOT,RT,A,1996,147.626023774329,NA
JPN,TERMTRADE,TOT,RT,A,1997,141.574606527169,NA
JPN,TERMTRADE,TOT,RT,A,1998,147.151534249196,NA
JPN,TERMTRADE,TOT,RT,A,1999,146.668219273468,NA
JPN,TERMTRADE,TOT,RT,A,2000,138.730791448082,NA
JPN,TERMTRADE,TOT,RT,A,2001,138.899819085082,NA
JPN,TERMTRADE,TOT,RT,A,2002,138.19212320867,NA
JPN,TERMTRADE,TOT,RT,A,2003,133.909993356041,NA
JPN,TERMTRADE,TOT,RT,A,2004,128.416671583667,NA
JPN,TERMTRADE,TOT,RT,A,2005,120.257001635661,NA
JPN,TERMTRADE,TOT,RT,A,2006,111.841839152028,NA
JPN,TERMTRADE,TOT,RT,A,2007,107.446551214793,NA
JPN,TERMTRADE,TOT,RT,A,2008,97.6209296082847,NA
JPN,TERMTRADE,TOT,RT,A,2009,109.410582054819,NA
JPN,TERMTRADE,TOT,RT,A,2010,103.254283621499,NA
JPN,TERMTRADE,TOT,RT,A,2011,95.3245148943432,NA
JPN,TERMTRADE,TOT,RT,A,2012,94.0557651847388,NA
JPN,TERMTRADE,TOT,RT,A,2013,93.0123473647386,NA
JPN,TERMTRADE,TOT,RT,A,2014,92.2802324235979,NA
JPN,TERMTRADE,TOT,RT,A,2015,100,NA
JPN,TERMTRADE,TOT,RT,A,2016,105.640467742308,NA
JPN,TERMTRADE,TOT,RT,A,2017,101.610787524777,NA
JPN,TERMTRADE,TOT,RT,A,2018,97.3795363914039,NA
JPN,TERMTRADE,TOT,RT,A,2019,98.1009285024125,NA
JPN,TERMTRADE,TOT,RT,A,2020,103.125329428424,E
KOR,TERMTRADE,TOT,RT,A,1970,152.339756330264,NA
KOR,TERMTRADE,TOT,RT,A,1971,149.898882145576,NA
KOR,TERMTRADE,TOT,RT,A,1972,147.662792711014,NA
KOR,TERMTRADE,TOT,RT,A,1973,146.563960548662,NA
KOR,TERMTRADE,TOT,RT,A,1974,129.696704800543,NA
KOR,TERMTRADE,TOT,RT,A,1975,120.617402183748,NA
KOR,TERMTRADE,TOT,RT,A,1976,134.450266427682,NA
KOR,TERMTRADE,TOT,RT,A,1977,139.70847565901,NA
KOR,TERMTRADE,TOT,RT,A,1978,142.743780457268,NA
KOR,TERMTRADE,TOT,RT,A,1979,140.930471101505,NA
KOR,TERMTRADE,TOT,RT,A,1980,125.694462477551,NA
KOR,TERMTRADE,TOT,RT,A,1981,121.319977232091,NA
KOR,TERMTRADE,TOT,RT,A,1982,124.853933300166,NA
KOR,TERMTRADE,TOT,RT,A,1983,127.77882498458,NA
KOR,TERMTRADE,TOT,RT,A,1984,129.419123703647,NA
KOR,TERMTRADE,TOT,RT,A,1985,128.442878361301,NA
KOR,TERMTRADE,TOT,RT,A,1986,138.128638715258,NA
KOR,TERMTRADE,TOT,RT,A,1987,142.534435831528,NA
KOR,TERMTRADE,TOT,RT,A,1988,146.302047499961,NA
KOR,TERMTRADE,TOT,RT,A,1989,151.936291636188,NA
KOR,TERMTRADE,TOT,RT,A,1990,148.662922336461,NA
KOR,TERMTRADE,TOT,RT,A,1991,149.503963085813,NA
KOR,TERMTRADE,TOT,RT,A,1992,149.302873153527,NA
KOR,TERMTRADE,TOT,RT,A,1993,151.221802342779,NA
KOR,TERMTRADE,TOT,RT,A,1994,152.518027224692,NA
KOR,TERMTRADE,TOT,RT,A,1995,148.792447636378,NA
KOR,TERMTRADE,TOT,RT,A,1996,142.661351884552,NA
KOR,TERMTRADE,TOT,RT,A,1997,134.199760574581,NA
KOR,TERMTRADE,TOT,RT,A,1998,124.743141919426,NA
KOR,TERMTRADE,TOT,RT,A,1999,121.668876497311,NA
KOR,TERMTRADE,TOT,RT,A,2000,111.738256688425,NA
KOR,TERMTRADE,TOT,RT,A,2001,108.696552219953,NA
KOR,TERMTRADE,TOT,RT,A,2002,110.414365176282,NA
KOR,TERMTRADE,TOT,RT,A,2003,108.711653502744,NA
KOR,TERMTRADE,TOT,RT,A,2004,105.527113456823,NA
KOR,TERMTRADE,TOT,RT,A,2005,101.837893651195,NA
KOR,TERMTRADE,TOT,RT,A,2006,97.3744888932576,NA
KOR,TERMTRADE,TOT,RT,A,2007,97.0556311084768,NA
KOR,TERMTRADE,TOT,RT,A,2008,90.4339788346637,NA
KOR,TERMTRADE,TOT,RT,A,2009,93.7802094623691,NA
KOR,TERMTRADE,TOT,RT,A,2010,93.957160145065,NA
KOR,TERMTRADE,TOT,RT,A,2011,89.5250430232972,NA
KOR,TERMTRADE,TOT,RT,A,2012,89.5072258995965,NA
KOR,TERMTRADE,TOT,RT,A,2013,91.4654823718668,NA
KOR,TERMTRADE,TOT,RT,A,2014,92.2653343917303,NA
KOR,TERMTRADE,TOT,RT,A,2015,100,NA
KOR,TERMTRADE,TOT,RT,A,2016,103.565735969479,NA
KOR,TERMTRADE,TOT,RT,A,2017,103.786764979583,NA
KOR,TERMTRADE,TOT,RT,A,2018,100.437970726508,NA
KOR,TERMTRADE,TOT,RT,A,2019,94.5577682829923,NA
KOR,TERMTRADE,TOT,RT,A,2020,96.201892960291,E
LUX,TERMTRADE,TOT,RT,A,1970,106.51266644114,E
LUX,TERMTRADE,TOT,RT,A,1971,98.5267372244386,E
LUX,TERMTRADE,TOT,RT,A,1972,99.3375833241743,E
LUX,TERMTRADE,TOT,RT,A,1973,104.802076566189,E
LUX,TERMTRADE,TOT,RT,A,1974,108.268803966638,E
LUX,TERMTRADE,TOT,RT,A,1975,97.2487820176713,E
LUX,TERMTRADE,TOT,RT,A,1976,99.471016254345,E
LUX,TERMTRADE,TOT,RT,A,1977,93.144029202847,E
LUX,TERMTRADE,TOT,RT,A,1978,94.003144878642,E
LUX,TERMTRADE,TOT,RT,A,1979,93.8658476872574,E
LUX,TERMTRADE,TOT,RT,A,1980,93.769533513402,E
LUX,TERMTRADE,TOT,RT,A,1981,93.3609299953975,E
LUX,TERMTRADE,TOT,RT,A,1982,94.7372238251472,E
LUX,TERMTRADE,TOT,RT,A,1983,92.9714000165042,E
LUX,TERMTRADE,TOT,RT,A,1984,91.0750067547885,E
LUX,TERMTRADE,TOT,RT,A,1985,91.9511357986673,E
LUX,TERMTRADE,TOT,RT,A,1986,91.3418620083615,E
LUX,TERMTRADE,TOT,RT,A,1987,90.4931049930987,E
LUX,TERMTRADE,TOT,RT,A,1988,91.5086378814868,E
LUX,TERMTRADE,TOT,RT,A,1989,91.900032423717,E
LUX,TERMTRADE,TOT,RT,A,1990,90.6189041915099,E
LUX,TERMTRADE,TOT,RT,A,1991,89.4999770773452,E
LUX,TERMTRADE,TOT,RT,A,1992,88.6574069659054,E
LUX,TERMTRADE,TOT,RT,A,1993,90.815959716435,E
LUX,TERMTRADE,TOT,RT,A,1994,91.7383070376154,E
LUX,TERMTRADE,TOT,RT,A,1995,91.977737152948,NA
LUX,TERMTRADE,TOT,RT,A,1996,93.671538199254,NA
LUX,TERMTRADE,TOT,RT,A,1997,94.2521772152133,NA
LUX,TERMTRADE,TOT,RT,A,1998,92.0934698555043,NA
LUX,TERMTRADE,TOT,RT,A,1999,93.7147424672124,NA
LUX,TERMTRADE,TOT,RT,A,2000,93.7653744714259,NA
LUX,TERMTRADE,TOT,RT,A,2001,93.3602945059856,NA
LUX,TERMTRADE,TOT,RT,A,2002,93.5538427715735,NA
LUX,TERMTRADE,TOT,RT,A,2003,93.7069959240516,NA
LUX,TERMTRADE,TOT,RT,A,2004,93.4557638940662,NA
LUX,TERMTRADE,TOT,RT,A,2005,93.4401973413205,NA
LUX,TERMTRADE,TOT,RT,A,2006,94.859081790572,NA
LUX,TERMTRADE,TOT,RT,A,2007,93.7147474722178,NA
LUX,TERMTRADE,TOT,RT,A,2008,96.5264824139409,NA
LUX,TERMTRADE,TOT,RT,A,2009,98.0001589253733,NA
LUX,TERMTRADE,TOT,RT,A,2010,98.6957684129101,NA
LUX,TERMTRADE,TOT,RT,A,2011,98.8902807480208,NA
LUX,TERMTRADE,TOT,RT,A,2012,99.0739550389428,NA
LUX,TERMTRADE,TOT,RT,A,2013,99.4539306689896,NA
LUX,TERMTRADE,TOT,RT,A,2014,100.210457190169,NA
LUX,TERMTRADE,TOT,RT,A,2015,100,NA
LUX,TERMTRADE,TOT,RT,A,2016,99.3644449106983,NA
LUX,TERMTRADE,TOT,RT,A,2017,98.8765494187647,NA
LUX,TERMTRADE,TOT,RT,A,2018,98.7759794899977,NA
LUX,TERMTRADE,TOT,RT,A,2019,97.8529951135227,NA
LUX,TERMTRADE,TOT,RT,A,2020,99.5168017407357,NA
MEX,TERMTRADE,TOT,RT,A,1970,117.1325431201,E
MEX,TERMTRADE,TOT,RT,A,1971,117.338481230269,E
MEX,TERMTRADE,TOT,RT,A,1972,115.713035913466,E
MEX,TERMTRADE,TOT,RT,A,1973,115.646840568421,E
MEX,TERMTRADE,TOT,RT,A,1974,124.235594067002,E
MEX,TERMTRADE,TOT,RT,A,1975,123.419545576568,E
MEX,TERMTRADE,TOT,RT,A,1976,128.318952858584,E
MEX,TERMTRADE,TOT,RT,A,1977,117.921471606725,E
MEX,TERMTRADE,TOT,RT,A,1978,120.991389548787,E
MEX,TERMTRADE,TOT,RT,A,1979,132.779281833516,E
MEX,TERMTRADE,TOT,RT,A,1980,170.742812975318,E
MEX,TERMTRADE,TOT,RT,A,1981,175.681824236273,E
MEX,TERMTRADE,TOT,RT,A,1982,165.580445933192,E
MEX,TERMTRADE,TOT,RT,A,1983,130.997850471286,E
MEX,TERMTRADE,TOT,RT,A,1984,131.705942590741,E
MEX,TERMTRADE,TOT,RT,A,1985,125.421568462006,E
MEX,TERMTRADE,TOT,RT,A,1986,94.9788583235482,E
MEX,TERMTRADE,TOT,RT,A,1987,102.928267480661,E
MEX,TERMTRADE,TOT,RT,A,1988,100.563393277474,E
MEX,TERMTRADE,TOT,RT,A,1989,104.088766380247,E
MEX,TERMTRADE,TOT,RT,A,1990,112.107261463577,E
MEX,TERMTRADE,TOT,RT,A,1991,110.548103352331,E
MEX,TERMTRADE,TOT,RT,A,1992,111.500498440797,E
MEX,TERMTRADE,TOT,RT,A,1993,88.4091224183398,NA
MEX,TERMTRADE,TOT,RT,A,1994,93.5497407606256,NA
MEX,TERMTRADE,TOT,RT,A,1995,92.2575291184771,NA
MEX,TERMTRADE,TOT,RT,A,1996,91.8091047653445,NA
MEX,TERMTRADE,TOT,RT,A,1997,96.5675238664285,NA
MEX,TERMTRADE,TOT,RT,A,1998,96.6035067713904,NA
MEX,TERMTRADE,TOT,RT,A,1999,103.975919140094,NA
MEX,TERMTRADE,TOT,RT,A,2000,111.182399771113,NA
MEX,TERMTRADE,TOT,RT,A,2001,109.069865190382,NA
MEX,TERMTRADE,TOT,RT,A,2002,111.001122687341,NA
MEX,TERMTRADE,TOT,RT,A,2003,112.67781411261,NA
MEX,TERMTRADE,TOT,RT,A,2004,108.293630906234,NA
MEX,TERMTRADE,TOT,RT,A,2005,108.735205116682,NA
MEX,TERMTRADE,TOT,RT,A,2006,109.967334948009,NA
MEX,TERMTRADE,TOT,RT,A,2007,111.931931863271,NA
MEX,TERMTRADE,TOT,RT,A,2008,114.377000551871,NA
MEX,TERMTRADE,TOT,RT,A,2009,110.346696679985,NA
MEX,TERMTRADE,TOT,RT,A,2010,107.083216966224,NA
MEX,TERMTRADE,TOT,RT,A,2011,105.098034232937,NA
MEX,TERMTRADE,TOT,RT,A,2012,104.673715722851,NA
MEX,TERMTRADE,TOT,RT,A,2013,105.594538705793,NA
MEX,TERMTRADE,TOT,RT,A,2014,104.534079349991,NA
MEX,TERMTRADE,TOT,RT,A,2015,100,NA
MEX,TERMTRADE,TOT,RT,A,2016,99.830860552683,NA
MEX,TERMTRADE,TOT,RT,A,2017,102.448766055894,NA
MEX,TERMTRADE,TOT,RT,A,2018,102.476221780192,NA
MEX,TERMTRADE,TOT,RT,A,2019,104.790258303051,E
MEX,TERMTRADE,TOT,RT,A,2020,103.498261383272,E
NLD,TERMTRADE,TOT,RT,A,1970,104.740191850803,E
NLD,TERMTRADE,TOT,RT,A,1971,104.129445330893,E
NLD,TERMTRADE,TOT,RT,A,1972,106.227484962552,E
NLD,TERMTRADE,TOT,RT,A,1973,106.229196417049,E
NLD,TERMTRADE,TOT,RT,A,1974,100.828690310923,E
NLD,TERMTRADE,TOT,RT,A,1975,101.218927451984,E
NLD,TERMTRADE,TOT,RT,A,1976,101.413045462894,E
NLD,TERMTRADE,TOT,RT,A,1977,101.708351123791,E
NLD,TERMTRADE,TOT,RT,A,1978,102.123664309108,E
NLD,TERMTRADE,TOT,RT,A,1979,99.6203909147529,E
NLD,TERMTRADE,TOT,RT,A,1980,97.6459590369268,E
NLD,TERMTRADE,TOT,RT,A,1981,99.488398001418,E
NLD,TERMTRADE,TOT,RT,A,1982,100.232595842846,E
NLD,TERMTRADE,TOT,RT,A,1983,99.7975336009698,E
NLD,TERMTRADE,TOT,RT,A,1984,100.742921868129,E
NLD,TERMTRADE,TOT,RT,A,1985,99.4702479697787,E
NLD,TERMTRADE,TOT,RT,A,1986,100.057661904297,E
NLD,TERMTRADE,TOT,RT,A,1987,97.4609675248168,E
NLD,TERMTRADE,TOT,RT,A,1988,97.3676913579067,E
NLD,TERMTRADE,TOT,RT,A,1989,97.2391970386945,E
NLD,TERMTRADE,TOT,RT,A,1990,97.2638824931571,E
NLD,TERMTRADE,TOT,RT,A,1991,97.503483651618,E
NLD,TERMTRADE,TOT,RT,A,1992,97.0249053095264,E
NLD,TERMTRADE,TOT,RT,A,1993,96.9220659794127,E
NLD,TERMTRADE,TOT,RT,A,1994,97.2146122158795,E
NLD,TERMTRADE,TOT,RT,A,1995,97.6855578918223,NA
NLD,TERMTRADE,TOT,RT,A,1996,97.6209660305335,NA
NLD,TERMTRADE,TOT,RT,A,1997,98.7731033704484,NA
NLD,TERMTRADE,TOT,RT,A,1998,100.023157367248,NA
NLD,TERMTRADE,TOT,RT,A,1999,99.289866094552,NA
NLD,TERMTRADE,TOT,RT,A,2000,99.2186696371305,NA
NLD,TERMTRADE,TOT,RT,A,2001,100.699517018669,NA
NLD,TERMTRADE,TOT,RT,A,2002,101.477269705701,NA
NLD,TERMTRADE,TOT,RT,A,2003,101.494416687794,NA
NLD,TERMTRADE,TOT,RT,A,2004,101.054536773639,NA
NLD,TERMTRADE,TOT,RT,A,2005,101.357522687468,NA
NLD,TERMTRADE,TOT,RT,A,2006,101.474110271094,NA
NLD,TERMTRADE,TOT,RT,A,2007,101.195457092927,NA
NLD,TERMTRADE,TOT,RT,A,2008,101.033189458943,NA
NLD,TERMTRADE,TOT,RT,A,2009,101.920222476454,NA
NLD,TERMTRADE,TOT,RT,A,2010,100.112042086846,NA
NLD,TERMTRADE,TOT,RT,A,2011,98.574536772685,NA
NLD,TERMTRADE,TOT,RT,A,2012,98.6003401943737,NA
NLD,TERMTRADE,TOT,RT,A,2013,98.9689107268914,NA
NLD,TERMTRADE,TOT,RT,A,2014,98.8848679940248,NA
NLD,TERMTRADE,TOT,RT,A,2015,100,NA
NLD,TERMTRADE,TOT,RT,A,2016,100.5781969263,NA
NLD,TERMTRADE,TOT,RT,A,2017,100.352532415005,NA
NLD,TERMTRADE,TOT,RT,A,2018,100.216486003816,NA
NLD,TERMTRADE,TOT,RT,A,2019,100.790019690724,NA
NLD,TERMTRADE,TOT,RT,A,2020,101.766348310324,E
NZL,TERMTRADE,TOT,RT,A,1970,73.5086319775309,E
NZL,TERMTRADE,TOT,RT,A,1971,79.0990031582688,E
NZL,TERMTRADE,TOT,RT,A,1972,93.3517338757125,E
NZL,TERMTRADE,TOT,RT,A,1973,101.748738693159,E
NZL,TERMTRADE,TOT,RT,A,1974,73.733596693402,E
NZL,TERMTRADE,TOT,RT,A,1975,62.9720795133184,E
NZL,TERMTRADE,TOT,RT,A,1976,66.1858595494898,E
NZL,TERMTRADE,TOT,RT,A,1977,69.237665472968,E
NZL,TERMTRADE,TOT,RT,A,1978,75.0295381698457,E
NZL,TERMTRADE,TOT,RT,A,1979,74.5722130646006,E
NZL,TERMTRADE,TOT,RT,A,1980,68.3719273431911,E
NZL,TERMTRADE,TOT,RT,A,1981,69.4364852275265,E
NZL,TERMTRADE,TOT,RT,A,1982,69.4378233390408,E
NZL,TERMTRADE,TOT,RT,A,1983,69.0344793038491,E
NZL,TERMTRADE,TOT,RT,A,1984,67.8164628888577,E
NZL,TERMTRADE,TOT,RT,A,1985,68.243768233287,E
NZL,TERMTRADE,TOT,RT,A,1986,72.7978310135651,E
NZL,TERMTRADE,TOT,RT,A,1987,79.1014860456983,NA
NZL,TERMTRADE,TOT,RT,A,1988,83.6738729587684,NA
NZL,TERMTRADE,TOT,RT,A,1989,86.1836957854753,NA
NZL,TERMTRADE,TOT,RT,A,1990,80.4127916161193,NA
NZL,TERMTRADE,TOT,RT,A,1991,78.3734736341804,NA
NZL,TERMTRADE,TOT,RT,A,1992,78.2194528869069,NA
NZL,TERMTRADE,TOT,RT,A,1993,79.8325755274287,NA
NZL,TERMTRADE,TOT,RT,A,1994,81.3082829218069,NA
NZL,TERMTRADE,TOT,RT,A,1995,81.0239377732573,NA
NZL,TERMTRADE,TOT,RT,A,1996,81.9834737544034,NA
NZL,TERMTRADE,TOT,RT,A,1997,79.465745560086,NA
NZL,TERMTRADE,TOT,RT,A,1998,78.9190996011767,NA
NZL,TERMTRADE,TOT,RT,A,1999,77.2544991628682,NA
NZL,TERMTRADE,TOT,RT,A,2000,79.0425939926171,NA
NZL,TERMTRADE,TOT,RT,A,2001,81.5042519675054,NA
NZL,TERMTRADE,TOT,RT,A,2002,80.4832343569619,NA
NZL,TERMTRADE,TOT,RT,A,2003,85.5563166222195,NA
NZL,TERMTRADE,TOT,RT,A,2004,89.3172788907972,NA
NZL,TERMTRADE,TOT,RT,A,2005,88.6301360852832,NA
NZL,TERMTRADE,TOT,RT,A,2006,87.40074899441,NA
NZL,TERMTRADE,TOT,RT,A,2007,94.5736502474658,NA
NZL,TERMTRADE,TOT,RT,A,2008,92.9892917462379,NA
NZL,TERMTRADE,TOT,RT,A,2009,88.8298801915776,NA
NZL,TERMTRADE,TOT,RT,A,2010,95.8037428979634,NA
NZL,TERMTRADE,TOT,RT,A,2011,97.1977428485343,NA
NZL,TERMTRADE,TOT,RT,A,2012,92.9480276318355,NA
NZL,TERMTRADE,TOT,RT,A,2013,103.744037127808,NA
NZL,TERMTRADE,TOT,RT,A,2014,103.501465896103,NA
NZL,TERMTRADE,TOT,RT,A,2015,100,NA
NZL,TERMTRADE,TOT,RT,A,2016,102.694256624088,NA
NZL,TERMTRADE,TOT,RT,A,2017,106.773852125628,NA
NZL,TERMTRADE,TOT,RT,A,2018,103.763610841991,E
NZL,TERMTRADE,TOT,RT,A,2019,105.811604674653,E
NZL,TERMTRADE,TOT,RT,A,2020,105.173737211138,E
NOR,TERMTRADE,TOT,RT,A,1970,94.7676153479821,NA
NOR,TERMTRADE,TOT,RT,A,1971,94.430634508681,NA
NOR,TERMTRADE,TOT,RT,A,1972,90.4372974508893,NA
NOR,TERMTRADE,TOT,RT,A,1973,93.621119329726,NA
NOR,TERMTRADE,TOT,RT,A,1974,91.7597859998026,NA
NOR,TERMTRADE,TOT,RT,A,1975,84.7352128328106,NA
NOR,TERMTRADE,TOT,RT,A,1976,80.3118674041343,NA
NOR,TERMTRADE,TOT,RT,A,1977,77.8977637736461,NA
NOR,TERMTRADE,TOT,RT,A,1978,76.2361920980563,NA
NOR,TERMTRADE,TOT,RT,A,1979,79.0787323633847,NA
NOR,TERMTRADE,TOT,RT,A,1980,84.9804070028717,NA
NOR,TERMTRADE,TOT,RT,A,1981,87.589362875151,NA
NOR,TERMTRADE,TOT,RT,A,1982,87.261184357759,NA
NOR,TERMTRADE,TOT,RT,A,1983,85.4352746002298,NA
NOR,TERMTRADE,TOT,RT,A,1984,85.699353113455,NA
NOR,TERMTRADE,TOT,RT,A,1985,83.3278682516444,NA
NOR,TERMTRADE,TOT,RT,A,1986,68.4803477984005,NA
NOR,TERMTRADE,TOT,RT,A,1987,65.2474690394203,NA
NOR,TERMTRADE,TOT,RT,A,1988,62.9618931408121,NA
NOR,TERMTRADE,TOT,RT,A,1989,65.0895186325181,NA
NOR,TERMTRADE,TOT,RT,A,1990,66.2350055186641,NA
NOR,TERMTRADE,TOT,RT,A,1991,65.7430166544418,NA
NOR,TERMTRADE,TOT,RT,A,1992,62.29078005914,NA
NOR,TERMTRADE,TOT,RT,A,1993,62.5990477738773,NA
NOR,TERMTRADE,TOT,RT,A,1994,60.4049459768405,NA
NOR,TERMTRADE,TOT,RT,A,1995,61.115331838572,NA
NOR,TERMTRADE,TOT,RT,A,1996,64.8379747330075,NA
NOR,TERMTRADE,TOT,RT,A,1997,65.9031348997121,NA
NOR,TERMTRADE,TOT,RT,A,1998,59.9788634069487,NA
NOR,TERMTRADE,TOT,RT,A,1999,67.146194933687,NA
NOR,TERMTRADE,TOT,RT,A,2000,85.4068981396478,NA
NOR,TERMTRADE,TOT,RT,A,2001,83.613452108118,NA
NOR,TERMTRADE,TOT,RT,A,2002,79.0471742482397,NA
NOR,TERMTRADE,TOT,RT,A,2003,79.556036982441,NA
NOR,TERMTRADE,TOT,RT,A,2004,85.8292316083433,NA
NOR,TERMTRADE,TOT,RT,A,2005,99.1935415765518,NA
NOR,TERMTRADE,TOT,RT,A,2006,110.981224261216,NA
NOR,TERMTRADE,TOT,RT,A,2007,108.329909204834,NA
NOR,TERMTRADE,TOT,RT,A,2008,122.133029352327,NA
NOR,TERMTRADE,TOT,RT,A,2009,101.648050684622,NA
NOR,TERMTRADE,TOT,RT,A,2010,108.443720682834,NA
NOR,TERMTRADE,TOT,RT,A,2011,118.35048089463,NA
NOR,TERMTRADE,TOT,RT,A,2012,121.661999726178,NA
NOR,TERMTRADE,TOT,RT,A,2013,121.674542997324,NA
NOR,TERMTRADE,TOT,RT,A,2014,114.105159739169,NA
NOR,TERMTRADE,TOT,RT,A,2015,100,NA
NOR,TERMTRADE,TOT,RT,A,2016,91.2459386351705,NA
NOR,TERMTRADE,TOT,RT,A,2017,95.5084694267337,NA
NOR,TERMTRADE,TOT,RT,A,2018,104.350492648345,NA
NOR,TERMTRADE,TOT,RT,A,2019,95.9895702105449,NA
NOR,TERMTRADE,TOT,RT,A,2020,79.9997585846932,NA
POL,TERMTRADE,TOT,RT,A,1990,93.000425762437,E
POL,TERMTRADE,TOT,RT,A,1991,85.1660487376594,E
POL,TERMTRADE,TOT,RT,A,1992,90.4561032759941,E
POL,TERMTRADE,TOT,RT,A,1993,96.9150051963898,E
POL,TERMTRADE,TOT,RT,A,1994,100.511223823536,E
POL,TERMTRADE,TOT,RT,A,1995,101.840889025961,NA
POL,TERMTRADE,TOT,RT,A,1996,99.2464252111043,NA
POL,TERMTRADE,TOT,RT,A,1997,97.8027127764339,NA
POL,TERMTRADE,TOT,RT,A,1998,99.7834654217956,NA
POL,TERMTRADE,TOT,RT,A,1999,98.5741914073964,NA
POL,TERMTRADE,TOT,RT,A,2000,92.603680767445,NA
POL,TERMTRADE,TOT,RT,A,2001,92.6188360909988,NA
POL,TERMTRADE,TOT,RT,A,2002,91.967924674173,NA
POL,TERMTRADE,TOT,RT,A,2003,91.5361729423356,NA
POL,TERMTRADE,TOT,RT,A,2004,94.442767821426,NA
POL,TERMTRADE,TOT,RT,A,2005,95.6184146207944,NA
POL,TERMTRADE,TOT,RT,A,2006,95.4935022538346,NA
POL,TERMTRADE,TOT,RT,A,2007,97.0834943579509,NA
POL,TERMTRADE,TOT,RT,A,2008,95.7037895942966,NA
POL,TERMTRADE,TOT,RT,A,2009,98.7303024014423,NA
POL,TERMTRADE,TOT,RT,A,2010,97.2905515499113,NA
POL,TERMTRADE,TOT,RT,A,2011,95.7665782386515,NA
POL,TERMTRADE,TOT,RT,A,2012,94.5627547462243,NA
POL,TERMTRADE,TOT,RT,A,2013,95.5629310028392,NA
POL,TERMTRADE,TOT,RT,A,2014,97.3676015411828,NA
POL,TERMTRADE,TOT,RT,A,2015,100,NA
POL,TERMTRADE,TOT,RT,A,2016,100.482646431428,NA
POL,TERMTRADE,TOT,RT,A,2017,100.679299583468,NA
POL,TERMTRADE,TOT,RT,A,2018,99.6383967206114,NA
POL,TERMTRADE,TOT,RT,A,2019,100.855322518359,NA
POL,TERMTRADE,TOT,RT,A,2020,103.529937162114,NA
PRT,TERMTRADE,TOT,RT,A,1970,83.7044612915841,E
PRT,TERMTRADE,TOT,RT,A,1971,86.3946041909509,E
PRT,TERMTRADE,TOT,RT,A,1972,89.1198063125143,E
PRT,TERMTRADE,TOT,RT,A,1973,89.5306357706815,E
PRT,TERMTRADE,TOT,RT,A,1974,89.4337246584794,E
PRT,TERMTRADE,TOT,RT,A,1975,77.43793969472,E
PRT,TERMTRADE,TOT,RT,A,1976,72.6830093741304,E
PRT,TERMTRADE,TOT,RT,A,1977,74.8889899220052,E
PRT,TERMTRADE,TOT,RT,A,1978,77.2341634641109,E
PRT,TERMTRADE,TOT,RT,A,1979,75.5330985726515,E
PRT,TERMTRADE,TOT,RT,A,1980,72.0581312638745,E
PRT,TERMTRADE,TOT,RT,A,1981,68.0070609270691,E
PRT,TERMTRADE,TOT,RT,A,1982,68.9852171953061,E
PRT,TERMTRADE,TOT,RT,A,1983,69.0334143435386,E
PRT,TERMTRADE,TOT,RT,A,1984,68.5231491276783,E
PRT,TERMTRADE,TOT,RT,A,1985,71.2713909834563,E
PRT,TERMTRADE,TOT,RT,A,1986,79.8836878032775,E
PRT,TERMTRADE,TOT,RT,A,1987,80.81613650327,E
PRT,TERMTRADE,TOT,RT,A,1988,80.7671574789887,E
PRT,TERMTRADE,TOT,RT,A,1989,81.6397074610956,E
PRT,TERMTRADE,TOT,RT,A,1990,83.3880486925524,E
PRT,TERMTRADE,TOT,RT,A,1991,85.3732197879358,E
PRT,TERMTRADE,TOT,RT,A,1992,89.5641089219077,E
PRT,TERMTRADE,TOT,RT,A,1993,89.9974806853068,E
PRT,TERMTRADE,TOT,RT,A,1994,91.8209814868155,E
PRT,TERMTRADE,TOT,RT,A,1995,93.3183275681589,NA
PRT,TERMTRADE,TOT,RT,A,1996,91.3129839478915,NA
PRT,TERMTRADE,TOT,RT,A,1997,91.9123623524721,NA
PRT,TERMTRADE,TOT,RT,A,1998,94.4665154858785,NA
PRT,TERMTRADE,TOT,RT,A,1999,95.5131624512938,NA
PRT,TERMTRADE,TOT,RT,A,2000,92.8357841270896,NA
PRT,TERMTRADE,TOT,RT,A,2001,92.946826088024,NA
PRT,TERMTRADE,TOT,RT,A,2002,94.601776292803,NA
PRT,TERMTRADE,TOT,RT,A,2003,94.8594692304244,NA
PRT,TERMTRADE,TOT,RT,A,2004,94.5372537080958,NA
PRT,TERMTRADE,TOT,RT,A,2005,93.4755631295143,NA
PRT,TERMTRADE,TOT,RT,A,2006,94.1063971104689,NA
PRT,TERMTRADE,TOT,RT,A,2007,94.5405781038368,NA
PRT,TERMTRADE,TOT,RT,A,2008,92.3472662091935,NA
PRT,TERMTRADE,TOT,RT,A,2009,96.8133636649158,NA
PRT,TERMTRADE,TOT,RT,A,2010,95.4708548074586,NA
PRT,TERMTRADE,TOT,RT,A,2011,93.7117441127702,NA
PRT,TERMTRADE,TOT,RT,A,2012,94.3308625704063,NA
PRT,TERMTRADE,TOT,RT,A,2013,95.980628346907,NA
PRT,TERMTRADE,TOT,RT,A,2014,96.9152449140304,NA
PRT,TERMTRADE,TOT,RT,A,2015,100,NA
PRT,TERMTRADE,TOT,RT,A,2016,101.626312475781,NA
PRT,TERMTRADE,TOT,RT,A,2017,100.832311854845,NA
PRT,TERMTRADE,TOT,RT,A,2018,100.30821675989,NA
PRT,TERMTRADE,TOT,RT,A,2019,101.11777688521,NA
PRT,TERMTRADE,TOT,RT,A,2020,102.239156170198,E
SVK,TERMTRADE,TOT,RT,A,1992,121.274709606051,E
SVK,TERMTRADE,TOT,RT,A,1993,117.160377222712,E
SVK,TERMTRADE,TOT,RT,A,1994,115.526838251274,E
SVK,TERMTRADE,TOT,RT,A,1995,116.771839621911,NA
SVK,TERMTRADE,TOT,RT,A,1996,111.193200141275,NA
SVK,TERMTRADE,TOT,RT,A,1997,113.781991371272,NA
SVK,TERMTRADE,TOT,RT,A,1998,109.787585193806,NA
SVK,TERMTRADE,TOT,RT,A,1999,107.967204382114,NA
SVK,TERMTRADE,TOT,RT,A,2000,111.924661372324,NA
SVK,TERMTRADE,TOT,RT,A,2001,110.735654943888,NA
SVK,TERMTRADE,TOT,RT,A,2002,110.445627698028,NA
SVK,TERMTRADE,TOT,RT,A,2003,110.126594201823,NA
SVK,TERMTRADE,TOT,RT,A,2004,109.801996825822,NA
SVK,TERMTRADE,TOT,RT,A,2005,109.81547682351,NA
SVK,TERMTRADE,TOT,RT,A,2006,108.268299056331,NA
SVK,TERMTRADE,TOT,RT,A,2007,107.042722154231,NA
SVK,TERMTRADE,TOT,RT,A,2008,105.291047221216,NA
SVK,TERMTRADE,TOT,RT,A,2009,104.095032962404,NA
SVK,TERMTRADE,TOT,RT,A,2010,103.299104683798,NA
SVK,TERMTRADE,TOT,RT,A,2011,101.921678380722,NA
SVK,TERMTRADE,TOT,RT,A,2012,100.660999194799,NA
SVK,TERMTRADE,TOT,RT,A,2013,100.213194316701,NA
SVK,TERMTRADE,TOT,RT,A,2014,100.267099255537,NA
SVK,TERMTRADE,TOT,RT,A,2015,100,NA
SVK,TERMTRADE,TOT,RT,A,2016,99.6121759331328,NA
SVK,TERMTRADE,TOT,RT,A,2017,99.0593428417813,NA
SVK,TERMTRADE,TOT,RT,A,2018,98.4750057947224,NA
SVK,TERMTRADE,TOT,RT,A,2019,98.2187493448748,NA
SVK,TERMTRADE,TOT,RT,A,2020,97.8382736048693,NA
ESP,TERMTRADE,TOT,RT,A,1970,79.8210994563419,E
ESP,TERMTRADE,TOT,RT,A,1971,80.2549677225572,E
ESP,TERMTRADE,TOT,RT,A,1972,83.9123253633895,E
ESP,TERMTRADE,TOT,RT,A,1973,83.2279552582047,E
ESP,TERMTRADE,TOT,RT,A,1974,71.7769551794699,E
ESP,TERMTRADE,TOT,RT,A,1975,74.2600774964362,E
ESP,TERMTRADE,TOT,RT,A,1976,75.2484215828671,E
ESP,TERMTRADE,TOT,RT,A,1977,73.6142388621961,E
ESP,TERMTRADE,TOT,RT,A,1978,79.2412600655208,E
ESP,TERMTRADE,TOT,RT,A,1979,80.8664730888261,E
ESP,TERMTRADE,TOT,RT,A,1980,69.6323465428408,E
ESP,TERMTRADE,TOT,RT,A,1981,62.144859301983,E
ESP,TERMTRADE,TOT,RT,A,1982,62.9042633803521,E
ESP,TERMTRADE,TOT,RT,A,1983,60.1907952290685,E
ESP,TERMTRADE,TOT,RT,A,1984,60.5277513758408,E
ESP,TERMTRADE,TOT,RT,A,1985,64.0836553245129,E
ESP,TERMTRADE,TOT,RT,A,1986,76.2077558971658,E
ESP,TERMTRADE,TOT,RT,A,1987,81.1603672969684,E
ESP,TERMTRADE,TOT,RT,A,1988,84.8645973997521,E
ESP,TERMTRADE,TOT,RT,A,1989,88.2685430369132,E
ESP,TERMTRADE,TOT,RT,A,1990,91.482467369946,E
ESP,TERMTRADE,TOT,RT,A,1991,94.2636614413099,E
ESP,TERMTRADE,TOT,RT,A,1992,95.844591954976,E
ESP,TERMTRADE,TOT,RT,A,1993,94.7828921973202,E
ESP,TERMTRADE,TOT,RT,A,1994,93.6576296378854,E
ESP,TERMTRADE,TOT,RT,A,1995,94.9928833216271,NA
ESP,TERMTRADE,TOT,RT,A,1996,96.6947663409407,NA
ESP,TERMTRADE,TOT,RT,A,1997,96.8266625203649,NA
ESP,TERMTRADE,TOT,RT,A,1998,99.6689740054671,NA
ESP,TERMTRADE,TOT,RT,A,1999,99.3960388248155,NA
ESP,TERMTRADE,TOT,RT,A,2000,95.9250603555564,NA
ESP,TERMTRADE,TOT,RT,A,2001,97.5937521329074,NA
ESP,TERMTRADE,TOT,RT,A,2002,100.378657969629,NA
ESP,TERMTRADE,TOT,RT,A,2003,101.718356401684,NA
ESP,TERMTRADE,TOT,RT,A,2004,101.390563578032,NA
ESP,TERMTRADE,TOT,RT,A,2005,102.266171501779,NA
ESP,TERMTRADE,TOT,RT,A,2006,102.797587930646,NA
ESP,TERMTRADE,TOT,RT,A,2007,103.685746383846,NA
ESP,TERMTRADE,TOT,RT,A,2008,102.005497400868,NA
ESP,TERMTRADE,TOT,RT,A,2009,106.706149615026,NA
ESP,TERMTRADE,TOT,RT,A,2010,103.733354324171,NA
ESP,TERMTRADE,TOT,RT,A,2011,100.030947593915,NA
ESP,TERMTRADE,TOT,RT,A,2012,98.9428102487783,NA
ESP,TERMTRADE,TOT,RT,A,2013,100.33849204632,NA
ESP,TERMTRADE,TOT,RT,A,2014,99.511702456426,NA
ESP,TERMTRADE,TOT,RT,A,2015,100,NA
ESP,TERMTRADE,TOT,RT,A,2016,100.429419564565,NA
ESP,TERMTRADE,TOT,RT,A,2017,99.9346730534893,NA
ESP,TERMTRADE,TOT,RT,A,2018,99.286067841851,NA
ESP,TERMTRADE,TOT,RT,A,2019,98.7541282750703,E
ESP,TERMTRADE,TOT,RT,A,2020,100.943641551257,E
SWE,TERMTRADE,TOT,RT,A,1970,133.334338577389,E
SWE,TERMTRADE,TOT,RT,A,1971,132.181491574777,E
SWE,TERMTRADE,TOT,RT,A,1972,131.933017378712,E
SWE,TERMTRADE,TOT,RT,A,1973,129.33317597579,E
SWE,TERMTRADE,TOT,RT,A,1974,118.564152550616,E
SWE,TERMTRADE,TOT,RT,A,1975,128.232183695252,E
SWE,TERMTRADE,TOT,RT,A,1976,127.210222950859,E
SWE,TERMTRADE,TOT,RT,A,1977,120.57357229934,E
SWE,TERMTRADE,TOT,RT,A,1978,116.365062716454,E
SWE,TERMTRADE,TOT,RT,A,1979,114.153272615791,E
SWE,TERMTRADE,TOT,RT,A,1980,111.988353422067,E
SWE,TERMTRADE,TOT,RT,A,1981,110.139566694927,E
SWE,TERMTRADE,TOT,RT,A,1982,106.800628591981,E
SWE,TERMTRADE,TOT,RT,A,1983,105.76393972041,E
SWE,TERMTRADE,TOT,RT,A,1984,108.591008448482,E
SWE,TERMTRADE,TOT,RT,A,1985,109.123712756477,E
SWE,TERMTRADE,TOT,RT,A,1986,115.025378242305,E
SWE,TERMTRADE,TOT,RT,A,1987,113.761131038105,E
SWE,TERMTRADE,TOT,RT,A,1988,114.768549923826,E
SWE,TERMTRADE,TOT,RT,A,1989,115.189275362854,E
SWE,TERMTRADE,TOT,RT,A,1990,113.461883683253,E
SWE,TERMTRADE,TOT,RT,A,1991,114.822174979059,E
SWE,TERMTRADE,TOT,RT,A,1992,114.470382657897,E
SWE,TERMTRADE,TOT,RT,A,1993,108.299855463809,NA
SWE,TERMTRADE,TOT,RT,A,1994,108.973984753375,NA
SWE,TERMTRADE,TOT,RT,A,1995,111.465545360698,NA
SWE,TERMTRADE,TOT,RT,A,1996,110.555903274564,NA
SWE,TERMTRADE,TOT,RT,A,1997,109.851786160193,NA
SWE,TERMTRADE,TOT,RT,A,1998,109.614498468713,NA
SWE,TERMTRADE,TOT,RT,A,1999,106.575221863439,NA
SWE,TERMTRADE,TOT,RT,A,2000,104.806501758902,NA
SWE,TERMTRADE,TOT,RT,A,2001,103.381833298152,NA
SWE,TERMTRADE,TOT,RT,A,2002,101.241721210859,NA
SWE,TERMTRADE,TOT,RT,A,2003,100.82511438397,NA
SWE,TERMTRADE,TOT,RT,A,2004,99.6953618057173,NA
SWE,TERMTRADE,TOT,RT,A,2005,97.8331681679991,NA
SWE,TERMTRADE,TOT,RT,A,2006,97.9490331269964,NA
SWE,TERMTRADE,TOT,RT,A,2007,99.3641406407242,NA
SWE,TERMTRADE,TOT,RT,A,2008,99.0658005724632,NA
SWE,TERMTRADE,TOT,RT,A,2009,100.102858407782,NA
SWE,TERMTRADE,TOT,RT,A,2010,99.7328376999194,NA
SWE,TERMTRADE,TOT,RT,A,2011,99.0217803953339,NA
SWE,TERMTRADE,TOT,RT,A,2012,99.0326316928527,NA
SWE,TERMTRADE,TOT,RT,A,2013,99.2326492943072,NA
SWE,TERMTRADE,TOT,RT,A,2014,99.3332758957387,NA
SWE,TERMTRADE,TOT,RT,A,2015,100,NA
SWE,TERMTRADE,TOT,RT,A,2016,100.338337084222,NA
SWE,TERMTRADE,TOT,RT,A,2017,99.4381213551362,NA
SWE,TERMTRADE,TOT,RT,A,2018,98.0938382514494,NA
SWE,TERMTRADE,TOT,RT,A,2019,98.5343447600404,NA
SWE,TERMTRADE,TOT,RT,A,2020,99.2133713136511,NA
CHE,TERMTRADE,TOT,RT,A,1970,80.9551166363572,E
CHE,TERMTRADE,TOT,RT,A,1971,82.9647635703936,E
CHE,TERMTRADE,TOT,RT,A,1972,85.3177765997026,E
CHE,TERMTRADE,TOT,RT,A,1973,83.7083212107935,E
CHE,TERMTRADE,TOT,RT,A,1974,80.1880354759813,E
CHE,TERMTRADE,TOT,RT,A,1975,84.6889035474755,E
CHE,TERMTRADE,TOT,RT,A,1976,88.320638571384,E
CHE,TERMTRADE,TOT,RT,A,1977,85.3001517803957,E
CHE,TERMTRADE,TOT,RT,A,1978,91.1467628429251,E
CHE,TERMTRADE,TOT,RT,A,1979,87.1741591342201,E
CHE,TERMTRADE,TOT,RT,A,1980,82.3270369424086,NA
CHE,TERMTRADE,TOT,RT,A,1981,81.3917029639237,NA
CHE,TERMTRADE,TOT,RT,A,1982,84.9661963666258,NA
CHE,TERMTRADE,TOT,RT,A,1983,85.1489896375962,NA
CHE,TERMTRADE,TOT,RT,A,1984,84.8112512073817,NA
CHE,TERMTRADE,TOT,RT,A,1985,82.7883989936858,NA
CHE,TERMTRADE,TOT,RT,A,1986,87.6542334324407,NA
CHE,TERMTRADE,TOT,RT,A,1987,89.7212337085362,NA
CHE,TERMTRADE,TOT,RT,A,1988,87.945874497279,NA
CHE,TERMTRADE,TOT,RT,A,1989,88.8702733463465,NA
CHE,TERMTRADE,TOT,RT,A,1990,90.2755905198725,NA
CHE,TERMTRADE,TOT,RT,A,1991,91.5828735783368,NA
CHE,TERMTRADE,TOT,RT,A,1992,91.8698149584127,NA
CHE,TERMTRADE,TOT,RT,A,1993,94.5621865402107,NA
CHE,TERMTRADE,TOT,RT,A,1994,97.7728257116953,NA
CHE,TERMTRADE,TOT,RT,A,1995,100.162775361512,NA
CHE,TERMTRADE,TOT,RT,A,1996,99.5139253528288,NA
CHE,TERMTRADE,TOT,RT,A,1997,97.4301758663817,NA
CHE,TERMTRADE,TOT,RT,A,1998,98.3601405049209,NA
CHE,TERMTRADE,TOT,RT,A,1999,98.7747332751819,NA
CHE,TERMTRADE,TOT,RT,A,2000,96.9065889135777,NA
CHE,TERMTRADE,TOT,RT,A,2001,97.0632271825141,NA
CHE,TERMTRADE,TOT,RT,A,2002,99.6499896471413,NA
CHE,TERMTRADE,TOT,RT,A,2003,101.172907579489,NA
CHE,TERMTRADE,TOT,RT,A,2004,100.14138471863,NA
CHE,TERMTRADE,TOT,RT,A,2005,98.949539267553,NA
CHE,TERMTRADE,TOT,RT,A,2006,97.9578550507193,NA
CHE,TERMTRADE,TOT,RT,A,2007,97.0812304442836,NA
CHE,TERMTRADE,TOT,RT,A,2008,96.3010895837057,NA
CHE,TERMTRADE,TOT,RT,A,2009,97.7177192567197,NA
CHE,TERMTRADE,TOT,RT,A,2010,98.2098781564499,NA
CHE,TERMTRADE,TOT,RT,A,2011,98.5388403416757,NA
CHE,TERMTRADE,TOT,RT,A,2012,98.3693525578612,NA
CHE,TERMTRADE,TOT,RT,A,2013,98.0750351083941,NA
CHE,TERMTRADE,TOT,RT,A,2014,98.2546994154544,NA
CHE,TERMTRADE,TOT,RT,A,2015,100,NA
CHE,TERMTRADE,TOT,RT,A,2016,97.6568716108191,NA
CHE,TERMTRADE,TOT,RT,A,2017,96.0048983288268,NA
CHE,TERMTRADE,TOT,RT,A,2018,95.7242665659072,NA
CHE,TERMTRADE,TOT,RT,A,2019,95.5997082713714,NA
CHE,TERMTRADE,TOT,RT,A,2020,92.6015237138817,NA
TUR,TERMTRADE,TOT,RT,A,1970,124.3384703283,E
TUR,TERMTRADE,TOT,RT,A,1971,102.370174399354,E
TUR,TERMTRADE,TOT,RT,A,1972,106.968694810839,E
TUR,TERMTRADE,TOT,RT,A,1973,122.68304674019,E
TUR,TERMTRADE,TOT,RT,A,1974,99.5850509782964,E
TUR,TERMTRADE,TOT,RT,A,1975,90.5193518605892,E
TUR,TERMTRADE,TOT,RT,A,1976,93.3045810327167,E
TUR,TERMTRADE,TOT,RT,A,1977,98.6332336227224,E
TUR,TERMTRADE,TOT,RT,A,1978,86.2637153941488,E
TUR,TERMTRADE,TOT,RT,A,1979,79.7121249165134,E
TUR,TERMTRADE,TOT,RT,A,1980,118.997825112818,E
TUR,TERMTRADE,TOT,RT,A,1981,118.939368432098,E
TUR,TERMTRADE,TOT,RT,A,1982,118.87983074064,E
TUR,TERMTRADE,TOT,RT,A,1983,118.946730174937,E
TUR,TERMTRADE,TOT,RT,A,1984,118.900168094331,E
TUR,TERMTRADE,TOT,RT,A,1985,118.891309535026,E
TUR,TERMTRADE,TOT,RT,A,1986,118.885700318865,E
TUR,TERMTRADE,TOT,RT,A,1987,116.811165151531,E
TUR,TERMTRADE,TOT,RT,A,1988,114.08476930953,E
TUR,TERMTRADE,TOT,RT,A,1989,104.838794522233,E
TUR,TERMTRADE,TOT,RT,A,1990,112.851241929568,E
TUR,TERMTRADE,TOT,RT,A,1991,113.456875622584,E
TUR,TERMTRADE,TOT,RT,A,1992,113.055782584251,E
TUR,TERMTRADE,TOT,RT,A,1993,121.45100048757,E
TUR,TERMTRADE,TOT,RT,A,1994,122.126696533389,E
TUR,TERMTRADE,TOT,RT,A,1995,114.23375173784,E
TUR,TERMTRADE,TOT,RT,A,1996,106.989097075961,E
TUR,TERMTRADE,TOT,RT,A,1997,114.899376283838,E
TUR,TERMTRADE,TOT,RT,A,1998,113.223413173126,NA
TUR,TERMTRADE,TOT,RT,A,1999,116.242767395865,NA
TUR,TERMTRADE,TOT,RT,A,2000,105.590930856273,NA
TUR,TERMTRADE,TOT,RT,A,2001,103.523254217227,NA
TUR,TERMTRADE,TOT,RT,A,2002,106.218870635823,NA
TUR,TERMTRADE,TOT,RT,A,2003,109.744228981895,NA
TUR,TERMTRADE,TOT,RT,A,2004,112.225019223706,NA
TUR,TERMTRADE,TOT,RT,A,2005,111.719480431316,NA
TUR,TERMTRADE,TOT,RT,A,2006,106.782390640772,NA
TUR,TERMTRADE,TOT,RT,A,2007,108.64856949408,NA
TUR,TERMTRADE,TOT,RT,A,2008,105.348577714489,NA
TUR,TERMTRADE,TOT,RT,A,2009,106.582944793396,NA
TUR,TERMTRADE,TOT,RT,A,2010,104.157061854137,NA
TUR,TERMTRADE,TOT,RT,A,2011,96.7996276815046,NA
TUR,TERMTRADE,TOT,RT,A,2012,95.9500661602918,NA
TUR,TERMTRADE,TOT,RT,A,2013,98.149880884681,NA
TUR,TERMTRADE,TOT,RT,A,2014,97.9862519308553,NA
TUR,TERMTRADE,TOT,RT,A,2015,100,NA
TUR,TERMTRADE,TOT,RT,A,2016,103.764039613391,NA
TUR,TERMTRADE,TOT,RT,A,2017,97.847086595585,NA
TUR,TERMTRADE,TOT,RT,A,2018,95.5336469861491,NA
TUR,TERMTRADE,TOT,RT,A,2019,94.6351841304499,NA
TUR,TERMTRADE,TOT,RT,A,2020,97.114915577603,NA
GBR,TERMTRADE,TOT,RT,A,1970,87.4250829654701,E
GBR,TERMTRADE,TOT,RT,A,1971,88.3367814314156,E
GBR,TERMTRADE,TOT,RT,A,1972,89.6714376627106,E
GBR,TERMTRADE,TOT,RT,A,1973,80.8562836791863,E
GBR,TERMTRADE,TOT,RT,A,1974,71.1715660751544,E
GBR,TERMTRADE,TOT,RT,A,1975,75.7793223218877,E
GBR,TERMTRADE,TOT,RT,A,1976,74.9410956302036,E
GBR,TERMTRADE,TOT,RT,A,1977,76.1335156829137,E
GBR,TERMTRADE,TOT,RT,A,1978,79.4402029355638,E
GBR,TERMTRADE,TOT,RT,A,1979,81.0786796905433,E
GBR,TERMTRADE,TOT,RT,A,1980,84.3334242108853,E
GBR,TERMTRADE,TOT,RT,A,1981,84.903207505065,E
GBR,TERMTRADE,TOT,RT,A,1982,84.8292155955612,E
GBR,TERMTRADE,TOT,RT,A,1983,85.2198951440726,E
GBR,TERMTRADE,TOT,RT,A,1984,84.2638762213873,E
GBR,TERMTRADE,TOT,RT,A,1985,85.1665938122836,E
GBR,TERMTRADE,TOT,RT,A,1986,81.9322019415351,E
GBR,TERMTRADE,TOT,RT,A,1987,82.3576283467306,E
GBR,TERMTRADE,TOT,RT,A,1988,83.4397192761308,E
GBR,TERMTRADE,TOT,RT,A,1989,84.7004924209851,E
GBR,TERMTRADE,TOT,RT,A,1990,87.0975489622146,E
GBR,TERMTRADE,TOT,RT,A,1991,88.3304767934345,E
GBR,TERMTRADE,TOT,RT,A,1992,88.9497439014452,E
GBR,TERMTRADE,TOT,RT,A,1993,89.3593972912666,E
GBR,TERMTRADE,TOT,RT,A,1994,87.8668825946892,E
GBR,TERMTRADE,TOT,RT,A,1995,85.7376930420092,NA
GBR,TERMTRADE,TOT,RT,A,1996,87.0662540738161,NA
GBR,TERMTRADE,TOT,RT,A,1997,85.4147219740466,NA
GBR,TERMTRADE,TOT,RT,A,1998,86.8840839489783,NA
GBR,TERMTRADE,TOT,RT,A,1999,88.7323056060767,NA
GBR,TERMTRADE,TOT,RT,A,2000,88.3014744149909,NA
GBR,TERMTRADE,TOT,RT,A,2001,89.7381138623097,NA
GBR,TERMTRADE,TOT,RT,A,2002,91.5046235481212,NA
GBR,TERMTRADE,TOT,RT,A,2003,93.2819457473817,NA
GBR,TERMTRADE,TOT,RT,A,2004,93.7688850704288,NA
GBR,TERMTRADE,TOT,RT,A,2005,94.5211336955311,NA
GBR,TERMTRADE,TOT,RT,A,2006,94.3579533792075,NA
GBR,TERMTRADE,TOT,RT,A,2007,93.3806024704287,NA
GBR,TERMTRADE,TOT,RT,A,2008,91.476414616618,NA
GBR,TERMTRADE,TOT,RT,A,2009,94.321302557367,NA
GBR,TERMTRADE,TOT,RT,A,2010,95.349689048836,NA
GBR,TERMTRADE,TOT,RT,A,2011,93.9480235381593,NA
GBR,TERMTRADE,TOT,RT,A,2012,94.5091251233602,NA
GBR,TERMTRADE,TOT,RT,A,2013,96.3531032889885,NA
GBR,TERMTRADE,TOT,RT,A,2014,98.2840575246434,NA
GBR,TERMTRADE,TOT,RT,A,2015,100,NA
GBR,TERMTRADE,TOT,RT,A,2016,100.07679401179,NA
GBR,TERMTRADE,TOT,RT,A,2017,98.9855178772324,NA
GBR,TERMTRADE,TOT,RT,A,2018,99.2115711786774,NA
GBR,TERMTRADE,TOT,RT,A,2019,100.051581104402,NA
GBR,TERMTRADE,TOT,RT,A,2020,101.107834237504,NA
USA,TERMTRADE,TOT,RT,A,1970,141.353209280087,NA
USA,TERMTRADE,TOT,RT,A,1971,138.042540564358,NA
USA,TERMTRADE,TOT,RT,A,1972,134.655368077644,NA
USA,TERMTRADE,TOT,RT,A,1973,129.834294384164,NA
USA,TERMTRADE,TOT,RT,A,1974,111.765419935193,NA
USA,TERMTRADE,TOT,RT,A,1975,113.726242711329,NA
USA,TERMTRADE,TOT,RT,A,1976,114.026116129173,NA
USA,TERMTRADE,TOT,RT,A,1977,109.063851204841,NA
USA,TERMTRADE,TOT,RT,A,1978,108.068253470484,NA
USA,TERMTRADE,TOT,RT,A,1979,103.404802155682,NA
USA,TERMTRADE,TOT,RT,A,1980,91.4249605068727,NA
USA,TERMTRADE,TOT,RT,A,1981,93.1714126014371,NA
USA,TERMTRADE,TOT,RT,A,1982,96.8668400852507,NA
USA,TERMTRADE,TOT,RT,A,1983,101.051057783377,NA
USA,TERMTRADE,TOT,RT,A,1984,102.885115254272,NA
USA,TERMTRADE,TOT,RT,A,1985,103.212790029658,NA
USA,TERMTRADE,TOT,RT,A,1986,101.479592489239,NA
USA,TERMTRADE,TOT,RT,A,1987,97.8216458755132,NA
USA,TERMTRADE,TOT,RT,A,1988,98.1344361713524,NA
USA,TERMTRADE,TOT,RT,A,1989,97.6262780232625,NA
USA,TERMTRADE,TOT,RT,A,1990,95.4401774441575,NA
USA,TERMTRADE,TOT,RT,A,1991,97.314777981892,NA
USA,TERMTRADE,TOT,RT,A,1992,96.7639427261654,NA
USA,TERMTRADE,TOT,RT,A,1993,97.6720147093632,NA
USA,TERMTRADE,TOT,RT,A,1994,97.8872170661447,NA
USA,TERMTRADE,TOT,RT,A,1995,97.4070697946548,NA
USA,TERMTRADE,TOT,RT,A,1996,97.8177584355967,NA
USA,TERMTRADE,TOT,RT,A,1997,99.5536666512809,NA
USA,TERMTRADE,TOT,RT,A,1998,102.728584274148,NA
USA,TERMTRADE,TOT,RT,A,1999,101.348543389092,NA
USA,TERMTRADE,TOT,RT,A,2000,98.968179144393,NA
USA,TERMTRADE,TOT,RT,A,2001,100.799519099995,NA
USA,TERMTRADE,TOT,RT,A,2002,101.134704841948,NA
USA,TERMTRADE,TOT,RT,A,2003,99.7256815849066,NA
USA,TERMTRADE,TOT,RT,A,2004,98.6629020884287,NA
USA,TERMTRADE,TOT,RT,A,2005,96.4061579896951,NA
USA,TERMTRADE,TOT,RT,A,2006,95.7712804155434,NA
USA,TERMTRADE,TOT,RT,A,2007,96.0349434899927,NA
USA,TERMTRADE,TOT,RT,A,2008,91.3580736053481,NA
USA,TERMTRADE,TOT,RT,A,2009,96.6169674916291,NA
USA,TERMTRADE,TOT,RT,A,2010,95.2252849347934,NA
USA,TERMTRADE,TOT,RT,A,2011,94.063259084043,NA
USA,TERMTRADE,TOT,RT,A,2012,94.5175105624339,NA
USA,TERMTRADE,TOT,RT,A,2013,95.9076642255787,NA
USA,TERMTRADE,TOT,RT,A,2014,96.6934530082502,NA
USA,TERMTRADE,TOT,RT,A,2015,100,NA
USA,TERMTRADE,TOT,RT,A,2016,101.465585727286,NA
USA,TERMTRADE,TOT,RT,A,2017,101.846880142439,NA
USA,TERMTRADE,TOT,RT,A,2018,102.387110272703,NA
USA,TERMTRADE,TOT,RT,A,2019,103.52238257245,NA
USA,TERMTRADE,TOT,RT,A,2020,103.223202442304,NA
CHL,TERMTRADE,TOT,RT,A,1986,51.0888507706482,E
CHL,TERMTRADE,TOT,RT,A,1987,56.1209650801298,E
CHL,TERMTRADE,TOT,RT,A,1988,64.3088811345895,E
CHL,TERMTRADE,TOT,RT,A,1989,63.51050976028,E
CHL,TERMTRADE,TOT,RT,A,1990,59.5039249436364,E
CHL,TERMTRADE,TOT,RT,A,1991,59.2466394754575,E
CHL,TERMTRADE,TOT,RT,A,1992,57.3609632545061,E
CHL,TERMTRADE,TOT,RT,A,1993,55.503128232992204,E
CHL,TERMTRADE,TOT,RT,A,1994,62.427200884827,E
CHL,TERMTRADE,TOT,RT,A,1995,71.3979641816805,E
CHL,TERMTRADE,TOT,RT,A,1996,62.1001572437044,NA
CHL,TERMTRADE,TOT,RT,A,1997,62.0199391806595,NA
CHL,TERMTRADE,TOT,RT,A,1998,59.9782021443493,NA
CHL,TERMTRADE,TOT,RT,A,1999,61.9925153410384,NA
CHL,TERMTRADE,TOT,RT,A,2000,63.6692403797456,NA
CHL,TERMTRADE,TOT,RT,A,2001,62.2713417217194,NA
CHL,TERMTRADE,TOT,RT,A,2002,63.0141271735105,NA
CHL,TERMTRADE,TOT,RT,A,2003,67.7868041164244,NA
CHL,TERMTRADE,TOT,RT,A,2004,80.8466686255277,NA
CHL,TERMTRADE,TOT,RT,A,2005,89.4575647043579,NA
CHL,TERMTRADE,TOT,RT,A,2006,111.423017154729,NA
CHL,TERMTRADE,TOT,RT,A,2007,113.826544695398,NA
CHL,TERMTRADE,TOT,RT,A,2008,93.4836409027137,NA
CHL,TERMTRADE,TOT,RT,A,2009,97.8040726512805,NA
CHL,TERMTRADE,TOT,RT,A,2010,114.559513445504,NA
CHL,TERMTRADE,TOT,RT,A,2011,113.82209397428,NA
CHL,TERMTRADE,TOT,RT,A,2012,108.725683413904,NA
CHL,TERMTRADE,TOT,RT,A,2013,105.570826487716,NA
CHL,TERMTRADE,TOT,RT,A,2014,103.081171088575,NA
CHL,TERMTRADE,TOT,RT,A,2015,100,NA
CHL,TERMTRADE,TOT,RT,A,2016,103.353345618592,NA
CHL,TERMTRADE,TOT,RT,A,2017,112.172155822176,NA
CHL,TERMTRADE,TOT,RT,A,2018,109.070420446466,NA
CHL,TERMTRADE,TOT,RT,A,2019,107.316111968775,NA
CHL,TERMTRADE,TOT,RT,A,2020,116.897451688522,NA
EST,TERMTRADE,TOT,RT,A,1993,73.753784825949,E
EST,TERMTRADE,TOT,RT,A,1994,74.1074305714152,E
EST,TERMTRADE,TOT,RT,A,1995,76.2881001553039,NA
EST,TERMTRADE,TOT,RT,A,1996,76.1366869602566,NA
EST,TERMTRADE,TOT,RT,A,1997,80.1860229587173,NA
EST,TERMTRADE,TOT,RT,A,1998,81.2136464898189,NA
EST,TERMTRADE,TOT,RT,A,1999,81.0181550221681,NA
EST,TERMTRADE,TOT,RT,A,2000,83.2052504375,NA
EST,TERMTRADE,TOT,RT,A,2001,86.9387134440474,NA
EST,TERMTRADE,TOT,RT,A,2002,90.4149776653781,NA
EST,TERMTRADE,TOT,RT,A,2003,91.9225178402251,NA
EST,TERMTRADE,TOT,RT,A,2004,92.6171553315037,NA
EST,TERMTRADE,TOT,RT,A,2005,94.3572141508503,NA
EST,TERMTRADE,TOT,RT,A,2006,96.601206348147,NA
EST,TERMTRADE,TOT,RT,A,2007,98.561608435535,NA
EST,TERMTRADE,TOT,RT,A,2008,98.7353547098908,NA
EST,TERMTRADE,TOT,RT,A,2009,99.1179238922126,NA
EST,TERMTRADE,TOT,RT,A,2010,97.1780488317965,NA
EST,TERMTRADE,TOT,RT,A,2011,97.5747699727632,NA
EST,TERMTRADE,TOT,RT,A,2012,97.1091229792818,NA
EST,TERMTRADE,TOT,RT,A,2013,98.0266463962015,NA
EST,TERMTRADE,TOT,RT,A,2014,99.534399863689,NA
EST,TERMTRADE,TOT,RT,A,2015,100,NA
EST,TERMTRADE,TOT,RT,A,2016,101.1745560309,NA
EST,TERMTRADE,TOT,RT,A,2017,101.070131167719,NA
EST,TERMTRADE,TOT,RT,A,2018,100.845067814695,NA
EST,TERMTRADE,TOT,RT,A,2019,100.518903222609,NA
EST,TERMTRADE,TOT,RT,A,2020,101.389418976759,NA
IND,TERMTRADE,TOT,RT,A,1970,109.288609595081,E
IND,TERMTRADE,TOT,RT,A,1971,119.930188381965,E
IND,TERMTRADE,TOT,RT,A,1972,128.837745649201,E
IND,TERMTRADE,TOT,RT,A,1973,108.855032179549,E
IND,TERMTRADE,TOT,RT,A,1974,79.044133813636,E
IND,TERMTRADE,TOT,RT,A,1975,72.7829917095398,E
IND,TERMTRADE,TOT,RT,A,1976,79.6683322293891,E
IND,TERMTRADE,TOT,RT,A,1977,98.0643740072288,E
IND,TERMTRADE,TOT,RT,A,1978,85.6187244594341,E
IND,TERMTRADE,TOT,RT,A,1979,79.2257776716227,E
IND,TERMTRADE,TOT,RT,A,1980,69.1949740275398,E
IND,TERMTRADE,TOT,RT,A,1981,80.0515285078649,E
IND,TERMTRADE,TOT,RT,A,1982,82.8803638053752,E
IND,TERMTRADE,TOT,RT,A,1983,103.222313612722,E
IND,TERMTRADE,TOT,RT,A,1984,90.1674224569089,E
IND,TERMTRADE,TOT,RT,A,1985,92.6150479237064,E
IND,TERMTRADE,TOT,RT,A,1986,110.722466962618,E
IND,TERMTRADE,TOT,RT,A,1987,104.81222801231,E
IND,TERMTRADE,TOT,RT,A,1988,107.367240741035,E
IND,TERMTRADE,TOT,RT,A,1989,104.062750874593,E
IND,TERMTRADE,TOT,RT,A,1990,93.8634904750605,E
IND,TERMTRADE,TOT,RT,A,1991,102.601776001153,E
IND,TERMTRADE,TOT,RT,A,1992,109.240385229334,E
IND,TERMTRADE,TOT,RT,A,1993,124.399096397174,E
IND,TERMTRADE,TOT,RT,A,1994,130.694051920138,E
IND,TERMTRADE,TOT,RT,A,1995,118.449393669355,E
IND,TERMTRADE,TOT,RT,A,1996,108.442779215216,E
IND,TERMTRADE,TOT,RT,A,1997,125.213154366628,E
IND,TERMTRADE,TOT,RT,A,1998,128.815972615369,E
IND,TERMTRADE,TOT,RT,A,1999,115.196101963437,E
IND,TERMTRADE,TOT,RT,A,2000,111.234292753699,E
IND,TERMTRADE,TOT,RT,A,2001,109.773054346725,E
IND,TERMTRADE,TOT,RT,A,2002,101.638263912145,E
IND,TERMTRADE,TOT,RT,A,2003,107.857832878272,E
IND,TERMTRADE,TOT,RT,A,2004,98.6043621832714,E
IND,TERMTRADE,TOT,RT,A,2005,99.8511909555684,E
IND,TERMTRADE,TOT,RT,A,2006,100.122271969003,E
IND,TERMTRADE,TOT,RT,A,2007,100.102119133182,E
IND,TERMTRADE,TOT,RT,A,2008,105.585137927171,E
IND,TERMTRADE,TOT,RT,A,2009,103.833499896109,E
IND,TERMTRADE,TOT,RT,A,2010,106.165818651632,E
IND,TERMTRADE,TOT,RT,A,2011,105.314662703549,NA
IND,TERMTRADE,TOT,RT,A,2012,103.928564347352,NA
IND,TERMTRADE,TOT,RT,A,2013,100.9924308189,NA
IND,TERMTRADE,TOT,RT,A,2014,98.9643076583177,NA
IND,TERMTRADE,TOT,RT,A,2015,100,NA
IND,TERMTRADE,TOT,RT,A,2016,101.586387670485,NA
IND,TERMTRADE,TOT,RT,A,2017,106.660934926239,NA
IND,TERMTRADE,TOT,RT,A,2018,101.524118115658,NA
IND,TERMTRADE,TOT,RT,A,2019,108.68243566078,NA
IDN,TERMTRADE,TOT,RT,A,1993,115.309079636084,NA
IDN,TERMTRADE,TOT,RT,A,1994,117.149202564973,NA
IDN,TERMTRADE,TOT,RT,A,1995,119.766436106771,NA
IDN,TERMTRADE,TOT,RT,A,1996,122.1152137397,NA
IDN,TERMTRADE,TOT,RT,A,1997,131.745307499735,NA
IDN,TERMTRADE,TOT,RT,A,1998,138.90325091846,NA
IDN,TERMTRADE,TOT,RT,A,1999,127.651262550381,NA
IDN,TERMTRADE,TOT,RT,A,2000,125.915036700446,NA
IDN,TERMTRADE,TOT,RT,A,2001,122.93357924272,NA
IDN,TERMTRADE,TOT,RT,A,2002,116.311317911405,NA
IDN,TERMTRADE,TOT,RT,A,2003,118.644295748118,NA
IDN,TERMTRADE,TOT,RT,A,2004,117.534037581959,NA
IDN,TERMTRADE,TOT,RT,A,2005,115.56134028693,NA
IDN,TERMTRADE,TOT,RT,A,2006,122.010030979915,NA
IDN,TERMTRADE,TOT,RT,A,2007,117.327544231386,NA
IDN,TERMTRADE,TOT,RT,A,2008,105.379576684476,NA
IDN,TERMTRADE,TOT,RT,A,2009,107.591952420141,NA
IDN,TERMTRADE,TOT,RT,A,2010,105.650952604081,NA
IDN,TERMTRADE,TOT,RT,A,2011,107.751957806024,NA
IDN,TERMTRADE,TOT,RT,A,2012,102.12601494862,NA
IDN,TERMTRADE,TOT,RT,A,2013,98.2221586256498,NA
IDN,TERMTRADE,TOT,RT,A,2014,99.3739177889011,NA
IDN,TERMTRADE,TOT,RT,A,2015,100,NA
IDN,TERMTRADE,TOT,RT,A,2016,101.469889357741,NA
IDN,TERMTRADE,TOT,RT,A,2017,101.743700141091,NA
IDN,TERMTRADE,TOT,RT,A,2018,96.879725014428,NA
IDN,TERMTRADE,TOT,RT,A,2019,92.3183531928475,NA
IDN,TERMTRADE,TOT,RT,A,2020,94.1671042259541,NA
ISR,TERMTRADE,TOT,RT,A,1970,88.1776476839275,E
ISR,TERMTRADE,TOT,RT,A,1971,89.2367544289347,E
ISR,TERMTRADE,TOT,RT,A,1972,89.1996506699752,E
ISR,TERMTRADE,TOT,RT,A,1973,87.5460101567137,E
ISR,TERMTRADE,TOT,RT,A,1974,84.0709890726766,E
ISR,TERMTRADE,TOT,RT,A,1975,83.1490896205034,E
ISR,TERMTRADE,TOT,RT,A,1976,87.2663239113556,E
ISR,TERMTRADE,TOT,RT,A,1977,90.5091592426089,E
ISR,TERMTRADE,TOT,RT,A,1978,90.3557647796039,E
ISR,TERMTRADE,TOT,RT,A,1979,87.4855054184601,E
ISR,TERMTRADE,TOT,RT,A,1980,82.9030184185321,E
ISR,TERMTRADE,TOT,RT,A,1981,82.7902354063323,E
ISR,TERMTRADE,TOT,RT,A,1982,86.3232550738987,E
ISR,TERMTRADE,TOT,RT,A,1983,90.0636489044396,E
ISR,TERMTRADE,TOT,RT,A,1984,86.606069485039,E
ISR,TERMTRADE,TOT,RT,A,1985,84.0410451207843,E
ISR,TERMTRADE,TOT,RT,A,1986,87.9766383885931,E
ISR,TERMTRADE,TOT,RT,A,1987,86.710541074498,E
ISR,TERMTRADE,TOT,RT,A,1988,91.0057678792449,E
ISR,TERMTRADE,TOT,RT,A,1989,88.245669045418,E
ISR,TERMTRADE,TOT,RT,A,1990,90.0457016040043,E
ISR,TERMTRADE,TOT,RT,A,1991,93.2961672810014,E
ISR,TERMTRADE,TOT,RT,A,1992,93.2432861986471,E
ISR,TERMTRADE,TOT,RT,A,1993,93.3510849484703,E
ISR,TERMTRADE,TOT,RT,A,1994,91.917716842593,E
ISR,TERMTRADE,TOT,RT,A,1995,89.4599142008457,NA
ISR,TERMTRADE,TOT,RT,A,1996,91.7066854396192,NA
ISR,TERMTRADE,TOT,RT,A,1997,94.8451257964711,NA
ISR,TERMTRADE,TOT,RT,A,1998,97.6216942167751,NA
ISR,TERMTRADE,TOT,RT,A,1999,99.7729076163363,NA
ISR,TERMTRADE,TOT,RT,A,2000,97.3148498874085,NA
ISR,TERMTRADE,TOT,RT,A,2001,97.0433692450224,NA
ISR,TERMTRADE,TOT,RT,A,2002,96.7727650579536,NA
ISR,TERMTRADE,TOT,RT,A,2003,94.6210093643533,NA
ISR,TERMTRADE,TOT,RT,A,2004,92.2004932067819,NA
ISR,TERMTRADE,TOT,RT,A,2005,90.7264510611629,NA
ISR,TERMTRADE,TOT,RT,A,2006,89.9388911310064,NA
ISR,TERMTRADE,TOT,RT,A,2007,88.3129807731871,NA
ISR,TERMTRADE,TOT,RT,A,2008,86.2712646285752,NA
ISR,TERMTRADE,TOT,RT,A,2009,92.9354616963698,NA
ISR,TERMTRADE,TOT,RT,A,2010,90.9639481977083,NA
ISR,TERMTRADE,TOT,RT,A,2011,87.9945958140861,NA
ISR,TERMTRADE,TOT,RT,A,2012,90.3852905380956,NA
ISR,TERMTRADE,TOT,RT,A,2013,91.9815035317188,NA
ISR,TERMTRADE,TOT,RT,A,2014,92.808482650953,NA
ISR,TERMTRADE,TOT,RT,A,2015,100,NA
ISR,TERMTRADE,TOT,RT,A,2016,103.349628247532,NA
ISR,TERMTRADE,TOT,RT,A,2017,102.936391021814,NA
ISR,TERMTRADE,TOT,RT,A,2018,100.664989642522,NA
ISR,TERMTRADE,TOT,RT,A,2019,105.166528878896,NA
ISR,TERMTRADE,TOT,RT,A,2020,107.70879729124,NA
RUS,TERMTRADE,TOT,RT,A,1995,67.8835568073754,E
RUS,TERMTRADE,TOT,RT,A,1996,69.9430205639524,E
RUS,TERMTRADE,TOT,RT,A,1997,64.9273325643621,E
RUS,TERMTRADE,TOT,RT,A,1998,60.9700223682494,E
RUS,TERMTRADE,TOT,RT,A,1999,59.094891256345,E
RUS,TERMTRADE,TOT,RT,A,2000,79.3250627818646,E
RUS,TERMTRADE,TOT,RT,A,2001,75.0894629048736,E
RUS,TERMTRADE,TOT,RT,A,2002,73.8071393517531,E
RUS,TERMTRADE,TOT,RT,A,2003,78.714491483163,E
RUS,TERMTRADE,TOT,RT,A,2004,91.283065978055,E
RUS,TERMTRADE,TOT,RT,A,2005,105.395660055091,E
RUS,TERMTRADE,TOT,RT,A,2006,116.869064986321,E
RUS,TERMTRADE,TOT,RT,A,2007,121.011955051049,E
RUS,TERMTRADE,TOT,RT,A,2008,139.867424425942,E
RUS,TERMTRADE,TOT,RT,A,2009,98.1671311313165,E
RUS,TERMTRADE,TOT,RT,A,2010,116.982032696958,E
RUS,TERMTRADE,TOT,RT,A,2011,141.35673086552,NA
RUS,TERMTRADE,TOT,RT,A,2012,144.787847613767,NA
RUS,TERMTRADE,TOT,RT,A,2013,136.380413441448,NA
RUS,TERMTRADE,TOT,RT,A,2014,130.41394966057,NA
RUS,TERMTRADE,TOT,RT,A,2015,100,NA
RUS,TERMTRADE,TOT,RT,A,2016,84.0710367041311,NA
RUS,TERMTRADE,TOT,RT,A,2017,94.2212794489535,NA
RUS,TERMTRADE,TOT,RT,A,2018,108.140450892826,NA
RUS,TERMTRADE,TOT,RT,A,2019,102.305328099488,NA
SVN,TERMTRADE,TOT,RT,A,1990,94.3750015350808,E
SVN,TERMTRADE,TOT,RT,A,1991,89.3338369031177,E
SVN,TERMTRADE,TOT,RT,A,1992,89.8900788391484,E
SVN,TERMTRADE,TOT,RT,A,1993,95.2509120298722,E
SVN,TERMTRADE,TOT,RT,A,1994,97.729280233836,E
SVN,TERMTRADE,TOT,RT,A,1995,100.136293777585,NA
SVN,TERMTRADE,TOT,RT,A,1996,101.738214708234,NA
SVN,TERMTRADE,TOT,RT,A,1997,102.099627697113,NA
SVN,TERMTRADE,TOT,RT,A,1998,103.040017338317,NA
SVN,TERMTRADE,TOT,RT,A,1999,103.273258430848,NA
SVN,TERMTRADE,TOT,RT,A,2000,100.055686138059,NA
SVN,TERMTRADE,TOT,RT,A,2001,101.781130379751,NA
SVN,TERMTRADE,TOT,RT,A,2002,103.715123653261,NA
SVN,TERMTRADE,TOT,RT,A,2003,104.35980922860401,NA
SVN,TERMTRADE,TOT,RT,A,2004,103.158010210627,NA
SVN,TERMTRADE,TOT,RT,A,2005,100.960479392373,NA
SVN,TERMTRADE,TOT,RT,A,2006,100.416258226041,NA
SVN,TERMTRADE,TOT,RT,A,2007,101.330963409459,NA
SVN,TERMTRADE,TOT,RT,A,2008,100.046140255934,NA
SVN,TERMTRADE,TOT,RT,A,2009,103.507068664335,NA
SVN,TERMTRADE,TOT,RT,A,2010,99.3669674997229,NA
SVN,TERMTRADE,TOT,RT,A,2011,98.0062877738883,NA
SVN,TERMTRADE,TOT,RT,A,2012,96.9672641817461,NA
SVN,TERMTRADE,TOT,RT,A,2013,97.7529050424686,NA
SVN,TERMTRADE,TOT,RT,A,2014,98.7495669633628,NA
SVN,TERMTRADE,TOT,RT,A,2015,100,NA
SVN,TERMTRADE,TOT,RT,A,2016,100.829286358309,NA
SVN,TERMTRADE,TOT,RT,A,2017,100.235993952606,NA
SVN,TERMTRADE,TOT,RT,A,2018,100.170304953215,NA
SVN,TERMTRADE,TOT,RT,A,2019,100.704330310113,NA
SVN,TERMTRADE,TOT,RT,A,2020,101.438221486528,NA
ZAF,TERMTRADE,TOT,RT,A,1970,60.809050460229,NA
ZAF,TERMTRADE,TOT,RT,A,1971,63.3287670829495,NA
ZAF,TERMTRADE,TOT,RT,A,1972,71.1809250919292,NA
ZAF,TERMTRADE,TOT,RT,A,1973,83.7456760490048,NA
ZAF,TERMTRADE,TOT,RT,A,1974,92.1946961277347,NA
ZAF,TERMTRADE,TOT,RT,A,1975,84.5011530617443,NA
ZAF,TERMTRADE,TOT,RT,A,1976,76.0583438196798,NA
ZAF,TERMTRADE,TOT,RT,A,1977,78.5512107584326,NA
ZAF,TERMTRADE,TOT,RT,A,1978,80.1254165254494,NA
ZAF,TERMTRADE,TOT,RT,A,1979,84.3857347582387,NA
ZAF,TERMTRADE,TOT,RT,A,1980,95.1286874539878,NA
ZAF,TERMTRADE,TOT,RT,A,1981,82.5171621464023,NA
ZAF,TERMTRADE,TOT,RT,A,1982,73.8448351829221,NA
ZAF,TERMTRADE,TOT,RT,A,1983,75.0939534557,NA
ZAF,TERMTRADE,TOT,RT,A,1984,80.1390075140698,NA
ZAF,TERMTRADE,TOT,RT,A,1985,80.9030375180252,NA
ZAF,TERMTRADE,TOT,RT,A,1986,82.6757892878865,NA
ZAF,TERMTRADE,TOT,RT,A,1987,86.5918717998895,NA
ZAF,TERMTRADE,TOT,RT,A,1988,84.4425598136494,NA
ZAF,TERMTRADE,TOT,RT,A,1989,80.4041923590012,NA
ZAF,TERMTRADE,TOT,RT,A,1990,78.6978954804071,NA
ZAF,TERMTRADE,TOT,RT,A,1991,78.6574655412925,NA
ZAF,TERMTRADE,TOT,RT,A,1992,77.8588981509708,NA
ZAF,TERMTRADE,TOT,RT,A,1993,77.2095898946334,NA
ZAF,TERMTRADE,TOT,RT,A,1994,77.150354545564,NA
ZAF,TERMTRADE,TOT,RT,A,1995,75.2208898614167,NA
ZAF,TERMTRADE,TOT,RT,A,1996,78.8950677352325,NA
ZAF,TERMTRADE,TOT,RT,A,1997,77.7256096598408,NA
ZAF,TERMTRADE,TOT,RT,A,1998,76.5924245610161,NA
ZAF,TERMTRADE,TOT,RT,A,1999,73.7819103044271,NA
ZAF,TERMTRADE,TOT,RT,A,2000,72.0477831459785,NA
ZAF,TERMTRADE,TOT,RT,A,2001,72.8509060584371,NA
ZAF,TERMTRADE,TOT,RT,A,2002,74.7024382025964,NA
ZAF,TERMTRADE,TOT,RT,A,2003,77.8775866604051,NA
ZAF,TERMTRADE,TOT,RT,A,2004,79.3227415400792,NA
ZAF,TERMTRADE,TOT,RT,A,2005,80.6887182525472,NA
ZAF,TERMTRADE,TOT,RT,A,2006,84.6542813279578,NA
ZAF,TERMTRADE,TOT,RT,A,2007,87.1990791855502,NA
ZAF,TERMTRADE,TOT,RT,A,2008,88.0562328471397,NA
ZAF,TERMTRADE,TOT,RT,A,2009,92.7030904881428,NA
ZAF,TERMTRADE,TOT,RT,A,2010,98.2263943521484,NA
ZAF,TERMTRADE,TOT,RT,A,2011,104.378556643794,NA
ZAF,TERMTRADE,TOT,RT,A,2012,100.166135121277,NA
ZAF,TERMTRADE,TOT,RT,A,2013,98.7669098594357,NA
ZAF,TERMTRADE,TOT,RT,A,2014,97.2308341639817,NA
ZAF,TERMTRADE,TOT,RT,A,2015,100,NA
ZAF,TERMTRADE,TOT,RT,A,2016,101.710031281013,NA
ZAF,TERMTRADE,TOT,RT,A,2017,106.27557458644,NA
ZAF,TERMTRADE,TOT,RT,A,2018,103.521705541314,NA
ZAF,TERMTRADE,TOT,RT,A,2019,106.247495541498,NA
ZAF,TERMTRADE,TOT,RT,A,2020,115.852406574283,NA
EA,TERMTRADE,TOT,RT,A,1995,100.516067448447,NA
EA,TERMTRADE,TOT,RT,A,1996,100.608382616522,NA
EA,TERMTRADE,TOT,RT,A,1997,100.336801027714,NA
EA,TERMTRADE,TOT,RT,A,1998,101.969896522228,NA
EA,TERMTRADE,TOT,RT,A,1999,101.945745389144,NA
EA,TERMTRADE,TOT,RT,A,2000,98.9820240193965,NA
EA,TERMTRADE,TOT,RT,A,2001,99.6180444977544,NA
EA,TERMTRADE,TOT,RT,A,2002,101.100923375204,NA
EA,TERMTRADE,TOT,RT,A,2003,101.78298882362,NA
EA,TERMTRADE,TOT,RT,A,2004,101.085877986743,NA
EA,TERMTRADE,TOT,RT,A,2005,100.0037224103,NA
EA,TERMTRADE,TOT,RT,A,2006,98.729713107298707,NA
EA,TERMTRADE,TOT,RT,A,2007,99.1767274581935,NA
EA,TERMTRADE,TOT,RT,A,2008,97.8117804655708,NA
EA,TERMTRADE,TOT,RT,A,2009,100.817980972779,NA
EA,TERMTRADE,TOT,RT,A,2010,98.6749377473081,NA
EA,TERMTRADE,TOT,RT,A,2011,96.6137170626814,NA
EA,TERMTRADE,TOT,RT,A,2012,96.1465657178202,NA
EA,TERMTRADE,TOT,RT,A,2013,97.0216165630065,NA
EA,TERMTRADE,TOT,RT,A,2014,97.8354630383858,NA
EA,TERMTRADE,TOT,RT,A,2015,100,NA
EA,TERMTRADE,TOT,RT,A,2016,101.196961450283,NA
EA,TERMTRADE,TOT,RT,A,2017,100.300430456836,NA
EA,TERMTRADE,TOT,RT,A,2018,99.5696713974044,NA
EA,TERMTRADE,TOT,RT,A,2019,100.092391110483,NA
EA,TERMTRADE,TOT,RT,A,2020,101.41768636759,NA
EU,TERMTRADE,TOT,RT,A,1995,100.305419365058,NA
EU,TERMTRADE,TOT,RT,A,1996,100.278109989959,NA
EU,TERMTRADE,TOT,RT,A,1997,99.9971029802952,NA
EU,TERMTRADE,TOT,RT,A,1998,101.525163553795,NA
EU,TERMTRADE,TOT,RT,A,1999,101.372807223392,NA
EU,TERMTRADE,TOT,RT,A,2000,98.5484191349217,NA
EU,TERMTRADE,TOT,RT,A,2001,99.0346277735258,NA
EU,TERMTRADE,TOT,RT,A,2002,100.332567661537,NA
EU,TERMTRADE,TOT,RT,A,2003,100.968005425296,NA
EU,TERMTRADE,TOT,RT,A,2004,100.465729094611,NA
EU,TERMTRADE,TOT,RT,A,2005,99.4607828972808,NA
EU,TERMTRADE,TOT,RT,A,2006,98.3523659540698,NA
EU,TERMTRADE,TOT,RT,A,2007,98.9292422402758,NA
EU,TERMTRADE,TOT,RT,A,2008,97.718445786835,NA
EU,TERMTRADE,TOT,RT,A,2009,100.486290072568,NA
EU,TERMTRADE,TOT,RT,A,2010,98.6477189630012,NA
EU,TERMTRADE,TOT,RT,A,2011,96.7531319878712,NA
EU,TERMTRADE,TOT,RT,A,2012,96.2739319939335,NA
EU,TERMTRADE,TOT,RT,A,2013,97.1254987099089,NA
EU,TERMTRADE,TOT,RT,A,2014,97.9874230407873,NA
EU,TERMTRADE,TOT,RT,A,2015,100,NA
EU,TERMTRADE,TOT,RT,A,2016,101.094273482046,NA
EU,TERMTRADE,TOT,RT,A,2017,100.28969645097,NA
EU,TERMTRADE,TOT,RT,A,2018,99.5805608963799,NA
EU,TERMTRADE,TOT,RT,A,2019,100.135132016568,NA
EU,TERMTRADE,TOT,RT,A,2020,101.586939993762,NA
LVA,TERMTRADE,TOT,RT,A,1995,100.907950773699,NA
LVA,TERMTRADE,TOT,RT,A,1996,100.269090382524,NA
LVA,TERMTRADE,TOT,RT,A,1997,92.6022804084877,NA
LVA,TERMTRADE,TOT,RT,A,1998,96.9240099337624,NA
LVA,TERMTRADE,TOT,RT,A,1999,100.245519475227,NA
LVA,TERMTRADE,TOT,RT,A,2000,94.646983046879,NA
LVA,TERMTRADE,TOT,RT,A,2001,95.9422662027102,NA
LVA,TERMTRADE,TOT,RT,A,2002,93.5039990798815,NA
LVA,TERMTRADE,TOT,RT,A,2003,95.3588596256486,NA
LVA,TERMTRADE,TOT,RT,A,2004,97.7928364883478,NA
LVA,TERMTRADE,TOT,RT,A,2005,96.9128558428931,NA
LVA,TERMTRADE,TOT,RT,A,2006,96.3380548150014,NA
LVA,TERMTRADE,TOT,RT,A,2007,100.797550862063,NA
LVA,TERMTRADE,TOT,RT,A,2008,99.1469173262963,NA
LVA,TERMTRADE,TOT,RT,A,2009,99.3342974111339,NA
LVA,TERMTRADE,TOT,RT,A,2010,99.5172101753799,NA
LVA,TERMTRADE,TOT,RT,A,2011,102.587883226999,NA
LVA,TERMTRADE,TOT,RT,A,2012,99.7196575379768,NA
LVA,TERMTRADE,TOT,RT,A,2013,100.288232907249,NA
LVA,TERMTRADE,TOT,RT,A,2014,99.4094124882054,NA
LVA,TERMTRADE,TOT,RT,A,2015,100,NA
LVA,TERMTRADE,TOT,RT,A,2016,103.040802067926,NA
LVA,TERMTRADE,TOT,RT,A,2017,103.498188919178,NA
LVA,TERMTRADE,TOT,RT,A,2018,105.356923613047,NA
LVA,TERMTRADE,TOT,RT,A,2019,106.262714445511,NA
LVA,TERMTRADE,TOT,RT,A,2020,109.296790908365,NA
COL,TERMTRADE,TOT,RT,A,1975,76.7728838632826,E
COL,TERMTRADE,TOT,RT,A,1976,95.640242952309407,E
COL,TERMTRADE,TOT,RT,A,1977,113.088660481649,E
COL,TERMTRADE,TOT,RT,A,1978,101.616247657849,E
COL,TERMTRADE,TOT,RT,A,1979,87.7439884029374,E
COL,TERMTRADE,TOT,RT,A,1980,90.0448273137753,E
COL,TERMTRADE,TOT,RT,A,1981,78.2427585381681,E
COL,TERMTRADE,TOT,RT,A,1982,79.2113190954904,E
COL,TERMTRADE,TOT,RT,A,1983,78.9431882816265,E
COL,TERMTRADE,TOT,RT,A,1984,81.9666653328778,E
COL,TERMTRADE,TOT,RT,A,1985,76.5575870622743,E
COL,TERMTRADE,TOT,RT,A,1986,92.8864373034658,E
COL,TERMTRADE,TOT,RT,A,1987,75.0168110613521,E
COL,TERMTRADE,TOT,RT,A,1988,70.5991936936738,E
COL,TERMTRADE,TOT,RT,A,1989,69.364677950922,E
COL,TERMTRADE,TOT,RT,A,1990,66.9777068189755,E
COL,TERMTRADE,TOT,RT,A,1991,69.5285292151015,E
COL,TERMTRADE,TOT,RT,A,1992,64.2295613838557,E
COL,TERMTRADE,TOT,RT,A,1993,69.505742057669,E
COL,TERMTRADE,TOT,RT,A,1994,70.5984220571006,E
COL,TERMTRADE,TOT,RT,A,1995,72.5795361752918,E
COL,TERMTRADE,TOT,RT,A,1996,72.2157529869021,E
COL,TERMTRADE,TOT,RT,A,1997,71.7976165272114,E
COL,TERMTRADE,TOT,RT,A,1998,62.7902964317573,E
COL,TERMTRADE,TOT,RT,A,1999,63.3489174235477,E
COL,TERMTRADE,TOT,RT,A,2000,65.4880120999831,E
COL,TERMTRADE,TOT,RT,A,2001,61.0580844587608,E
COL,TERMTRADE,TOT,RT,A,2002,60.1231159860254,E
COL,TERMTRADE,TOT,RT,A,2003,63.0178760107239,E
COL,TERMTRADE,TOT,RT,A,2004,68.9836986147754,E
COL,TERMTRADE,TOT,RT,A,2005,74.1139342955279,NA
COL,TERMTRADE,TOT,RT,A,2006,77.6460383448882,NA
COL,TERMTRADE,TOT,RT,A,2007,81.8030635168965,NA
COL,TERMTRADE,TOT,RT,A,2008,97.5510418624915,NA
COL,TERMTRADE,TOT,RT,A,2009,95.8512759647551,NA
COL,TERMTRADE,TOT,RT,A,2010,108.222602539378,NA
COL,TERMTRADE,TOT,RT,A,2011,121.359627947112,NA
COL,TERMTRADE,TOT,RT,A,2012,125.039346605051,NA
COL,TERMTRADE,TOT,RT,A,2013,125.415226075893,NA
COL,TERMTRADE,TOT,RT,A,2014,118.965984312628,NA
COL,TERMTRADE,TOT,RT,A,2015,100,NA
COL,TERMTRADE,TOT,RT,A,2016,96.0807210800123,NA
COL,TERMTRADE,TOT,RT,A,2017,103.89930205315,NA
COL,TERMTRADE,TOT,RT,A,2018,111.906353357439,NA
COL,TERMTRADE,TOT,RT,A,2019,110.653569867001,E
COL,TERMTRADE,TOT,RT,A,2020,102.84816025587,E
CRI,TERMTRADE,TOT,RT,A,1991,91.4086015078041,NA
CRI,TERMTRADE,TOT,RT,A,1992,94.5686333257313,NA
CRI,TERMTRADE,TOT,RT,A,1993,96.1509971664453,NA
CRI,TERMTRADE,TOT,RT,A,1994,99.1836451329522,NA
CRI,TERMTRADE,TOT,RT,A,1995,99.2038892504596,NA
CRI,TERMTRADE,TOT,RT,A,1996,95.5443198122481,NA
CRI,TERMTRADE,TOT,RT,A,1997,100.636014442569,NA
CRI,TERMTRADE,TOT,RT,A,1998,103.409970821885,NA
CRI,TERMTRADE,TOT,RT,A,1999,98.646291488021,NA
CRI,TERMTRADE,TOT,RT,A,2000,96.5098937733925,NA
CRI,TERMTRADE,TOT,RT,A,2001,96.7655027091154,NA
CRI,TERMTRADE,TOT,RT,A,2002,94.8587668075838,NA
CRI,TERMTRADE,TOT,RT,A,2003,93.9634950779764,NA
CRI,TERMTRADE,TOT,RT,A,2004,91.7449472764731,NA
CRI,TERMTRADE,TOT,RT,A,2005,89.6658071360487,NA
CRI,TERMTRADE,TOT,RT,A,2006,87.7454552163202,NA
CRI,TERMTRADE,TOT,RT,A,2007,85.3214950657159,NA
CRI,TERMTRADE,TOT,RT,A,2008,82.0920150292429,NA
CRI,TERMTRADE,TOT,RT,A,2009,88.1237419392012,NA
CRI,TERMTRADE,TOT,RT,A,2010,91.8800984000395,NA
CRI,TERMTRADE,TOT,RT,A,2011,90.1015613392081,NA
CRI,TERMTRADE,TOT,RT,A,2012,91.653820573346,NA
CRI,TERMTRADE,TOT,RT,A,2013,92.1940355753117,NA
CRI,TERMTRADE,TOT,RT,A,2014,93.6035312899082,NA
CRI,TERMTRADE,TOT,RT,A,2015,100,NA
CRI,TERMTRADE,TOT,RT,A,2016,103.220779141597,NA
CRI,TERMTRADE,TOT,RT,A,2017,101.645069883344,NA
CRI,TERMTRADE,TOT,RT,A,2018,99.510610828275,E
CRI,TERMTRADE,TOT,RT,A,2019,100.334817986376,E
CRI,TERMTRADE,TOT,RT,A,2020,101.953711518995,E
LTU,TERMTRADE,TOT,RT,A,1995,76.4247391553472,NA
LTU,TERMTRADE,TOT,RT,A,1996,82.7814361602717,NA
LTU,TERMTRADE,TOT,RT,A,1997,86.1212880010406,NA
LTU,TERMTRADE,TOT,RT,A,1998,83.6984145204885,NA
LTU,TERMTRADE,TOT,RT,A,1999,87.0161678580376,NA
LTU,TERMTRADE,TOT,RT,A,2000,91.6169877318839,NA
LTU,TERMTRADE,TOT,RT,A,2001,91.2578422047011,NA
LTU,TERMTRADE,TOT,RT,A,2002,91.5528219211614,NA
LTU,TERMTRADE,TOT,RT,A,2003,91.5473922124116,NA
LTU,TERMTRADE,TOT,RT,A,2004,99.3990715676435,NA
LTU,TERMTRADE,TOT,RT,A,2005,100.452694632588,NA
LTU,TERMTRADE,TOT,RT,A,2006,97.5699609822452,NA
LTU,TERMTRADE,TOT,RT,A,2007,98.4535294558331,NA
LTU,TERMTRADE,TOT,RT,A,2008,102.009010262897,NA
LTU,TERMTRADE,TOT,RT,A,2009,97.9623732579586,NA
LTU,TERMTRADE,TOT,RT,A,2010,98.5777639224644,NA
LTU,TERMTRADE,TOT,RT,A,2011,97.7705951578925,NA
LTU,TERMTRADE,TOT,RT,A,2012,96.936318647144,NA
LTU,TERMTRADE,TOT,RT,A,2013,96.65465047931,NA
LTU,TERMTRADE,TOT,RT,A,2014,97.4718670382167,NA
LTU,TERMTRADE,TOT,RT,A,2015,100,NA
LTU,TERMTRADE,TOT,RT,A,2016,101.677934169538,NA
LTU,TERMTRADE,TOT,RT,A,2017,101.685316192948,NA
LTU,TERMTRADE,TOT,RT,A,2018,100.18298785901,NA
LTU,TERMTRADE,TOT,RT,A,2019,101.201876525449,NA
LTU,TERMTRADE,TOT,RT,A,2020,102.779102679786,NA
OAVG,TERMTRADE,TOT,RT,A,1995,99.8724028717367,E
OAVG,TERMTRADE,TOT,RT,A,1996,99.6633367215453,E
OAVG,TERMTRADE,TOT,RT,A,1997,99.8454065162335,E
OAVG,TERMTRADE,TOT,RT,A,1998,101.065694582809,E
OAVG,TERMTRADE,TOT,RT,A,1999,101.163330760937,E
OAVG,TERMTRADE,TOT,RT,A,2000,99.3917284065391,E
OAVG,TERMTRADE,TOT,RT,A,2001,100.052191257232,E
OAVG,TERMTRADE,TOT,RT,A,2002,100.899103222741,E
OAVG,TERMTRADE,TOT,RT,A,2003,101.209261919687,E
OAVG,TERMTRADE,TOT,RT,A,2004,100.939768043229,E
OAVG,TERMTRADE,TOT,RT,A,2005,100.036911523015,NA
OAVG,TERMTRADE,TOT,RT,A,2006,99.3022014342767,NA
OAVG,TERMTRADE,TOT,RT,A,2007,99.6873388529666,NA
OAVG,TERMTRADE,TOT,RT,A,2008,97.3570425984227,NA
OAVG,TERMTRADE,TOT,RT,A,2009,100.193052294679,NA
OAVG,TERMTRADE,TOT,RT,A,2010,99.4491964903479,B
OAVG,TERMTRADE,TOT,RT,A,2011,97.3987912097193,NA
OAVG,TERMTRADE,TOT,RT,A,2012,97.0732516444755,NA
OAVG,TERMTRADE,TOT,RT,A,2013,97.8939131731005,NA
OAVG,TERMTRADE,TOT,RT,A,2014,98.0924788241916,NA
OAVG,TERMTRADE,TOT,RT,A,2015,100,NA
OAVG,TERMTRADE,TOT,RT,A,2016,101.484722296758,NA
OAVG,TERMTRADE,TOT,RT,A,2017,101.12889403082,NA
OAVG,TERMTRADE,TOT,RT,A,2018,100.539096295028,E
OAVG,TERMTRADE,TOT,RT,A,2019,100.835284569158,E
OAVG,TERMTRADE,TOT,RT,A,2020,101.945957546995,E
